,UKESM1-0-LL-r3i1p1f2,UKESM1-0-LL-r2i1p1f2,IPSL-CM6A-LR-r1i1p1f1,ACCESS-ESM1-5-r1i1p1f1,UKESM1-0-LL-r1i1p1f2,CanESM5-r1i1p1f1
1993-01-01,7.0927340514053085,7.102078557579743,6.9398912574095855,6.962606946896899,7.102903402109652,7.084515925456547
1993-02-01,7.2056140710305865,7.214958577205019,7.052771277034862,7.075486966522178,7.215783421734928,7.197395945081823
1993-03-01,7.292189300048996,7.3015338062234285,7.139346506053273,7.162062195540585,7.302358650753338,7.283971174100233
1993-04-01,7.352441462759456,7.361785968933892,7.199598668763733,7.222314358251048,7.362610813463801,7.344223336810694
1993-05-01,7.155129942767049,7.1644744489414816,7.002287148771324,7.151423545529604,7.16529929347139,7.146911816818285
1993-06-01,6.99394726010333,7.003291766277764,6.841104466107607,6.93313292447592,7.004116610807673,6.9857291341545675
1993-07-01,6.855175121504941,6.864519627679374,6.702332327509216,6.798324498970477,6.865344472209282,6.846956995556177
1993-08-01,6.802539686214362,6.811884192388796,6.649696892218637,6.672412581705951,6.812709036918704,6.794321560265599
1993-09-01,6.693856605024817,6.703201111199252,6.541013811029093,6.563729500516407,6.70402595572916,6.685638479076055
1993-10-01,6.66605592640204,6.675400432576473,6.513213132406317,6.555817612503978,6.67622527710638,6.657837800453275
1993-11-01,6.748364338584312,6.757708844758747,6.595521544588588,6.661805076132683,6.758533689288652,6.740146212635548
1993-12-01,6.904889295394727,6.9142338015691625,6.752046501399004,6.774762190886317,6.9150586460990695,6.896671169445964
1994-01-01,7.08501252836793,7.094180723105109,6.935053560674013,6.95734065224647,7.094990004530679,7.07694946139933
1994-02-01,7.197892547993206,7.207060742730385,7.0479335802992855,7.071541411732108,7.207870024155956,7.189829481024607
1994-03-01,7.284467777011616,7.293635971748795,7.134508809317698,7.157357542163006,7.2944452531743655,7.276404710043017
1994-04-01,7.344719939722077,7.353888134459258,7.19476097202816,7.220673602702812,7.354697415884829,7.336656872753479
1994-05-01,7.147408419729668,7.156576614466848,6.99744945203575,7.019736543608209,7.157385895892418,7.139345352761069
1994-06-01,6.986225737065951,6.99539393180313,6.836266769372032,6.8585538609444905,6.996203213228702,6.978162670097352
1994-07-01,6.84745359846756,6.856621793204737,6.697494630773642,6.7197817223461005,6.857431074630308,6.83939053149896
1994-08-01,6.7948181631769815,6.8039863579141615,6.644859195483062,6.667146287055521,6.804795639339732,6.786755096208383
1994-09-01,6.6861350819874374,6.6953032767246174,6.536176114293518,6.558463205865978,6.696112558150189,6.67807201501884
1994-10-01,6.658334403364661,6.667502598101837,6.50837543567074,6.530662527243201,6.668311879527409,6.65027133639606
1994-11-01,6.7406428155469325,6.7498110102841125,6.590683847853013,6.612970939425473,6.750620291709683,6.732579748578333
1994-12-01,6.897167772357348,6.9063359670945275,6.747208804663429,6.769495896235888,6.907145248520099,6.889104705388748
1995-01-01,7.077291005330548,7.086282888630475,6.930215863938438,6.95207435759604,7.087076606951707,7.069382997342116
1995-02-01,7.190171024955824,7.199162908255751,7.043095883563713,7.0649543772213175,7.199956626576984,7.182263016967392
1995-03-01,7.2767462539742365,7.285738137274161,7.129671112582122,7.151529606239728,7.286531855595393,7.268838245985803
1995-04-01,7.336998416684697,7.345990299984624,7.1899232752925855,7.211781768950187,7.346784018305857,7.329090408696265
1995-05-01,7.139686896692287,7.148678779992213,6.9926117553001745,7.014470248957777,7.149472498313446,7.131778888703854
1995-06-01,6.978504214028572,6.987496097328496,6.831429072636459,6.853287566294061,6.988289815649729,6.9705962060401365
1995-07-01,6.839732075430177,6.8487239587301065,6.692656934038067,6.746802411197717,6.849517677051338,6.8318240674417465
1995-08-01,6.787096640139601,6.796088523439527,6.6400214987474895,6.661879992405093,6.796882241760759,6.779188632151168
1995-09-01,6.678413558950057,6.6874054422499825,6.531665288358117,6.553196911215547,6.693453381659506,6.670505550961625
1995-10-01,6.6506128803272775,6.659604763627204,6.504268804140673,6.52539623259277,6.660398481948437,6.642704872338845
1995-11-01,6.732921292509551,6.7419131758094775,6.585846151117438,6.607704644775041,6.74270689413071,6.725013284521117
1995-12-01,6.889446249319969,6.8984381326198925,6.742371107927855,6.764229601585457,6.899231850941127,6.881538241331534
1996-01-01,7.0695694822931685,7.078385054155841,6.925378167202863,6.94680806294561,7.079163209372736,7.061816533284901
1996-02-01,7.1824495019184456,7.191265073781117,7.038258186828139,7.059688082570887,7.1920432289980125,7.174696552910177
1996-03-01,7.269024730936855,7.277840302799528,7.124833415846549,7.146263311589299,7.278618458016423,7.2612717819285875
1996-04-01,7.329276893647318,7.338092465509987,7.1850855785570085,7.206515474299759,7.338870620726883,7.321523944639049
1996-05-01,7.131965373654907,7.14078094551758,6.987774058564602,7.00920395430735,7.141559100734475,7.12421242464664
1996-06-01,6.9707826909911885,6.979598262853862,6.8265913759008825,6.84802127164363,6.980376418070757,6.963029741982922
1996-07-01,6.832010552392799,6.840826124255472,6.6878192373024925,6.70924913304524,6.841604279472368,6.824257603384531
1996-08-01,6.77937511710222,6.788190688964892,6.635183802011915,6.656613697754662,6.788968844181789,6.771622168093954
1996-09-01,6.670692035912678,6.6795076077753475,6.526500720822371,6.54793061656512,6.680285762992246,6.662939086904409
1996-10-01,6.642891357289897,6.65170692915257,6.498700042199593,6.5201299379423405,6.652485084369465,6.63513840828163
1996-11-01,6.7251997694721695,6.7340153413348425,6.5810084543818625,6.602438350124612,6.734793496551738,6.717446820463902
1996-12-01,6.881724726282586,6.8905402981452575,6.73753341119228,6.758963306935028,6.891318453362154,6.873971777274319
1997-01-01,7.061847959255787,7.0704872196812065,6.920540470467287,6.941541768295183,7.071249811793764,7.0542500692276855
1997-02-01,7.174727978881066,7.183367239306482,7.0334204900925625,7.054421787920457,7.184129831419039,7.167130088852961
1997-03-01,7.2613032078994735,7.269942468324892,7.119995719110974,7.140997016938868,7.27070506043745,7.253705317871372
1997-04-01,7.321555370609936,7.330194631035358,7.180247881821438,7.201249179649332,7.330957223147912,7.313957480581834
1997-05-01,7.124243850617527,7.132883111042945,6.982936361829027,7.003937659656921,7.133645703155503,7.116645960589424
1997-06-01,6.96306116795381,6.971700428379228,6.821753679165307,6.842754976993202,6.9724630204917855,6.955463277925707
1997-07-01,6.824289029355418,6.832928289780837,6.682981540566917,6.703982838394812,6.833690881893394,6.8166911393273155
1997-08-01,6.7716535940648415,6.780292854490257,6.63034610527634,6.651347403104234,6.781055446602816,6.764055704036738
1997-09-01,6.662970512875298,6.671609773300716,6.5216630240867985,6.542664321914692,6.672372365413272,6.655372622847194
1997-10-01,6.635169834252517,6.643809094677937,6.493862345464017,6.5148636432919105,6.644571686790494,6.627571944224415
1997-11-01,6.71747824643479,6.7261175068602075,6.576170757646289,6.597172055474182,6.7268800989727655,6.709880356406687
1997-12-01,6.874003203245206,6.882642463670624,6.732695714456706,6.7536970122846,6.883405055783182,6.866405313217103
1998-01-01,7.054126436218407,7.062589385206572,6.915702773731713,6.936275473644753,7.063336414214794,7.04668360517047
1998-02-01,7.167006455843684,7.175469404831849,7.028582793356991,7.049155493270027,7.176216433840067,7.159563624795747
1998-03-01,7.2535816848620955,7.262044633850259,7.1151580223754,7.1357307222884385,7.262791662858477,7.2461388538141565
1998-04-01,7.313833847572558,7.322296796560721,7.1754101850858625,7.195982884998901,7.323043825568941,7.306391016524619
1998-05-01,7.116522327580148,7.124985276568313,6.9780986650934524,6.998671365006491,7.1257323055765305,7.109079496532209
1998-06-01,6.955339644916428,6.963802593904593,6.8169159824297365,6.837488682342772,6.964549622912812,6.947896813868492
1998-07-01,6.816567506318037,6.825030455306202,6.678143843831344,6.698716543744383,6.825777484314423,6.8091246752701
1998-08-01,6.76393207102746,6.772395020015622,6.625508408540767,6.646081108453804,6.7731420490238445,6.756489239979523
1998-09-01,6.65524898983792,6.66371193882608,6.516825327351223,6.5373980272642624,6.664458967834301,6.6478061587899795
1998-10-01,6.6274483112151374,6.635911260203304,6.489024648728442,6.509597348641481,6.636658289211521,6.6200054801672
1998-11-01,6.709756723397409,6.718219672385574,6.571333060910715,6.591905760823753,6.718966701393795,6.702313892349472
1998-12-01,6.866281680207826,6.874744629195992,6.727858017721133,6.74843071763417,6.8754916582042105,6.858838849159888
1999-01-01,7.046404913181028,7.054691550731938,6.910865076996138,6.931009178994322,7.055423016635818,7.0391171411132545
1999-02-01,7.159284932806304,7.167571570357215,7.023745096621416,7.043889198619598,7.168303036261097,7.151997160738531
1999-03-01,7.245860161824714,7.254146799375625,7.110320325639826,7.1304644276380085,7.254878265279506,7.238572389756941
1999-04-01,7.3061123245351745,7.314398962086088,7.170572488350287,7.190716590348472,7.31513042798997,7.298824552467403
1999-05-01,7.108800804542768,7.117087442093678,6.973260968357879,6.9934050703560615,7.11781890799756,7.101513032474994
1999-06-01,6.9476181218790485,6.95590475942996,6.81207828569416,6.832222387692344,6.956636225333844,6.940330349811275
1999-07-01,6.808845983280658,6.817132620831572,6.673306147095769,6.693450249093952,6.817864086735451,6.801558211212885
1999-08-01,6.756210547990079,6.764497185540991,6.620670711805191,6.640814813803375,6.765228651444874,6.748922775922307
1999-09-01,6.647527466800536,6.655814104351448,6.511987630615648,6.5321317326138315,6.65654557025533,6.640239694732764
1999-10-01,6.619726788177756,6.6280134257286685,6.484186951992871,6.504331053991053,6.628744891632549,6.612439016109985
1999-11-01,6.7020352003600285,6.710321837910942,6.5664953641751405,6.586639466173326,6.711053303814823,6.694747428292256
1999-12-01,6.858560157170444,6.866846794721358,6.723020320985558,6.7431644229837415,6.867578260625239,6.851272385102673
2000-01-01,7.038683390143646,7.046793716257305,6.9060273802605625,6.925742884343894,7.047509619056847,7.03155067705604
2000-02-01,7.151563409768922,7.159673735882581,7.01890739988584,7.03862290396917,7.160389638682124,7.144430696681317
2000-03-01,7.238138638787332,7.246248964900991,7.10548262890425,7.12519813298758,7.246964867700535,7.231005925699726
2000-04-01,7.298390801497796,7.306501127611454,7.165734791614712,7.1854502956980415,7.307217030410997,7.2912580884101885
2000-05-01,7.101079281505385,7.109189607619044,6.968423271622303,6.988138775705633,7.109905510418588,7.0939465684177785
2000-06-01,6.939896598841669,6.948006924955326,6.807240588958585,6.8269560930419155,6.948722827754869,6.932763885754062
2000-07-01,6.801124460243278,6.809234786356933,6.668468450360192,6.688183954443524,6.809950689156477,6.79399174715567
2000-08-01,6.748489024952699,6.756599351066357,6.615833015069617,6.635548519152946,6.7573152538659,6.741356311865092
2000-09-01,6.639805943763156,6.647916269876814,6.507149933880074,6.526865437963402,6.648632172676357,6.6326732306755485
2000-10-01,6.612005265140375,6.620115591254034,6.4793492552572935,6.499064759340622,6.636262350290759,6.60487255205277
2000-11-01,6.694313677322649,6.702424003436308,6.561657667439567,6.5813731715228965,6.703139906235848,6.687180964235042
2000-12-01,6.850838634133066,6.858948960246724,6.718182624249983,6.737898128333312,6.859664863046267,6.843705921045458
2001-01-01,7.0309618671062655,7.038895881782671,6.90118968352499,6.9204765896934655,7.039596221477878,7.023984212998825
2001-02-01,7.143841886731543,7.151775901407947,7.014069703150268,7.033356609318742,7.152476241103152,7.1368642326241005
2001-03-01,7.230417115749952,7.238351130426358,7.1006449321686755,7.119931838337151,7.239051470121563,7.22343946164251
2001-04-01,7.290669278460416,7.298603293136819,7.160897094879139,7.180184001047612,7.299303632832025,7.283691624352973
2001-05-01,7.093357758468004,7.10129177314441,6.963585574886729,6.982872481055202,7.101992112839615,7.086380104360563
2001-06-01,6.932175075804287,6.940109090480693,6.802402892223013,6.8216897983914855,6.9408094301758965,6.925197421696845
2001-07-01,6.793402937205896,6.801336951882303,6.663630753624622,6.682917659793095,6.802037291577507,6.786425283098455
2001-08-01,6.740767501915318,6.748701516591725,6.610995318334043,6.630282224502517,6.749401856286928,6.733789847807877
2001-09-01,6.632084420725776,6.6400184354021805,6.5023122371445,6.521599143312973,6.640718775097387,6.625106766618334
2001-10-01,6.604283742102995,6.6122177567794,6.47451155852172,6.493798464690193,6.612918096474607,6.597306087995554
2001-11-01,6.686592154285267,6.694526168961673,6.556819970703992,6.5761068768724655,6.695226508656878,6.679614500177826
2001-12-01,6.843117111095682,6.851051125772089,6.713344927514408,6.732631833682883,6.851751465467294,6.836139456988243
2002-01-01,7.023240344068885,7.030998047308037,6.896351986789416,6.9152102950430345,7.031682823898903,7.016417748941609
2002-02-01,7.136120363694161,7.143878066933312,7.009232006414693,7.0280903146683125,7.144562843524182,7.129297768566886
2002-03-01,7.222695592712571,7.230453295951722,7.095807235433103,7.114665543686721,7.231138072542591,7.215872997585295
2002-04-01,7.282947755423034,7.290705458662185,7.1560593981435625,7.174917706397183,7.291390235253054,7.276125160295758
2002-05-01,7.085636235430624,7.093393938669777,6.9587478781511525,6.977606186404773,7.094078715260642,7.0869453715981
2002-06-01,6.9244535527669075,6.932211256006057,6.797565195487437,6.816423503741055,6.9328960325969256,6.951164167186157
2002-07-01,6.7856814141685176,6.793439117407668,6.658793056889047,6.6776513651426646,6.794123893998535,6.77885881904124
2002-08-01,6.7330459788779375,6.740803682117089,6.606157621598467,6.625015929852087,6.741488458707956,6.7262233837506615
2002-09-01,6.6243628976883935,6.6321206009275455,6.4974745404089225,6.516332848662543,6.6328053775184115,6.617540302561118
2002-10-01,6.596562219065614,6.604319922304766,6.469673861786145,6.488532170039764,6.605004698895633,6.589739623938339
2002-11-01,6.678870631247888,6.686628334487038,6.5519822739684175,6.570840582222036,6.6873131110779065,6.672048036120612
2002-12-01,6.835395588058304,6.843153291297455,6.7085072307788325,6.727365539032452,6.8438380678883215,6.8285729929310275
2003-01-01,7.015518821031503,7.023100212833402,6.891514290053841,6.909944000392605,7.023769426319933,7.008851284884394
2003-02-01,7.128398840656781,7.13598023245868,7.0043943096791175,7.0228240200178815,7.136649445945209,7.12173130450967
2003-03-01,7.2149740696751925,7.222555461477089,7.090969538697528,7.109399249036293,7.223224674963619,7.208306533528081
2003-04-01,7.275226232385652,7.282807624187551,7.151221701407992,7.169651411746753,7.2834768376740815,7.281606013162907
2003-05-01,7.0779147123932455,7.085496104195141,6.953910181415581,6.972339891754342,7.086165317681672,7.076011502631761
2003-06-01,6.916732029729526,6.924313421531425,6.792727498751862,6.811157209090627,6.924982635017954,6.9612612302023225
2003-07-01,6.777959891131134,6.785541282933033,6.653955360153471,6.672385070492235,6.786210496419562,6.784454385901494
2003-08-01,6.725324455840558,6.732905847642456,6.601319924862894,6.619749635201657,6.7335750611289855,6.718656919693447
2003-09-01,6.616641374651014,6.624222766452911,6.49263684367335,6.511066554012114,6.6248919799394415,6.609973838503904
2003-10-01,6.5888406960282335,6.596422087830132,6.464836165050571,6.483265875389336,6.597091301316662,6.582173159881124
2003-11-01,6.671149108210506,6.678730500012405,6.547144577232842,6.565574287571608,6.679399713498935,6.664481572063396
2003-12-01,6.827674065020924,6.8352554568228205,6.703669534043257,6.722099244382022,6.8359246703093515,6.821006528873813
2004-01-01,7.007797297994124,7.015202378358767,6.886676593318268,6.904677705742174,7.01585602874096,7.001284820827179
2004-02-01,7.1206773176194025,7.128082397984045,6.999556612943543,7.017557725367452,7.128736048366238,7.114164840452455
2004-03-01,7.207252546637813,7.214657627002455,7.0861318419619534,7.104132954385863,7.215311277384647,7.208902375581978
2004-04-01,7.267504709348272,7.274909789712918,7.1463840046724165,7.164385117096325,7.27556344009511,7.260992232181328
2004-05-01,7.070193189355862,7.077598269720508,6.949072484680006,6.967073597103915,7.0782519201027,7.063680712188917
2004-06-01,6.9090105066921454,6.9164155870567905,6.787889802016287,6.805890914440197,6.917069237438983,6.9024980295252005
2004-07-01,6.770238368093754,6.777643448458399,6.649117663417897,6.667118775841807,6.778297098840591,6.76372589092681
2004-08-01,6.717602932803175,6.7250080131678205,6.596482228127319,6.614483340551229,6.725661663550014,6.711090455636231
2004-09-01,6.608919851613632,6.616324931978277,6.4877991469377765,6.505800259361683,6.616978582360471,6.602407374446688
2004-10-01,6.581119172990854,6.588524253355497,6.4599984683149945,6.4779995807389055,6.58917790373769,6.574606695823908
2004-11-01,6.6634275851731255,6.6708326655377705,6.542306880497269,6.560307992921177,6.671486315919963,6.6569151080061815
2004-12-01,6.819952541983541,6.827357622348187,6.698831837307685,6.716832949731594,6.828011272730379,6.813440064816597
2005-01-01,7.000075774956744,7.007304543884136,6.881838896582693,6.899411411091746,7.0079426311619875,6.993718356769964
2005-02-01,7.11295579458202,7.120184563509412,6.994718916207969,7.012291430717022,7.1208226507872645,7.16610696489113
2005-03-01,7.1995310236004295,7.206759792527821,7.081294145226378,7.098866659735433,7.207397879805676,7.2116420072227685
2005-04-01,7.259783186310892,7.267011955238284,7.14154630793684,7.159118822445895,7.267650042516137,7.277246343354106
2005-05-01,7.0624716663184826,7.069700435245874,7.0145315695370805,6.961807302453487,7.070338522523728,7.077630896755293
2005-06-01,6.901288983654765,6.908517752582156,6.7830521052807144,6.800624619789767,6.909155839860011,6.894931565467985
2005-07-01,6.762516845056374,6.7697456139837655,6.6730562066561285,6.661852481191376,6.77038370126162,6.762602934734498
2005-08-01,6.7098814097657975,6.717110178693187,6.591644531391744,6.609217045900799,6.717748265971043,6.714900743459733
2005-09-01,6.6011983285762525,6.608427097503643,6.482961450202201,6.500533964711255,6.609065184781497,6.600099790919645
2005-10-01,6.573397649953472,6.5806264188808665,6.455160771579423,6.472733286088475,6.581264506158718,6.567040231766693
2005-11-01,6.655706062135745,6.662934831063138,6.537469183761694,6.555041698270749,6.663572918340992,6.649348643948966
2005-12-01,6.812231018946163,6.819459787873553,6.69399414057211,6.711566655081164,6.820097875151408,6.805873600759382
2006-01-01,6.992354251919362,6.9994067094095005,6.877001199847117,6.894145116441318,7.000029233583017,6.986151892712749
2006-02-01,7.10523427154464,7.1122867290347775,6.989881219472394,7.007025136066593,7.112909253208294,7.213274831082209
2006-03-01,7.191809500563049,7.198861958053187,7.076456448490805,7.0936003650850035,7.199484482226705,7.290493798199609
2006-04-01,7.252061663273512,7.259114120763649,7.136708611201266,7.1538525277954665,7.259736644937165,7.256578936274872
2006-05-01,7.054750143281102,7.061802600771239,6.939397091208857,6.9565410078030565,7.062425124944756,7.084429050126072
2006-06-01,6.893567460617385,6.900619918107522,6.778214408545139,6.795358325139339,6.9012424422810374,6.88736510141077
2006-07-01,6.754795322018992,6.7618477795091305,6.639442269946747,6.656586186540947,6.762470303682648,6.7485929628123795
2006-08-01,6.702159886728415,6.709212344218553,6.586806834656169,6.60395075125037,6.70983486839207,6.695957527521801
2006-09-01,6.593476805538873,6.60052926302901,6.478123753466628,6.4952676700608265,6.601151787202525,6.587274446332257
2006-10-01,6.565676126916093,6.572728584406232,6.450323074843848,6.467466991438045,6.573351108579747,6.559473767709478
2006-11-01,6.647984539098365,6.655036996588503,6.532631487026119,6.549775403620317,6.655659520762018,6.6417821798917505
2006-12-01,6.804509495908781,6.811561953398918,6.689156443836536,6.7063003604307365,6.812184477572435,6.798307136702166
2007-01-01,6.984632728881983,6.991508874934866,6.872163503111544,6.888878821790887,6.992115836004045,6.978585428655533
2007-02-01,7.097512748507258,7.104388894560143,7.010730511124597,7.001758841416165,7.104995855629321,7.09146544828081
2007-03-01,7.184087977525669,7.190964123578553,7.104072194052353,7.0883340704345725,7.191571084647732,7.17804067729922
2007-04-01,7.244340140236131,7.251216286289016,7.133370753478283,7.1485862331450365,7.251823247358193,7.238292840009682
2007-05-01,7.047028620243722,7.053904766296606,6.9445433886949175,6.9512747131526265,7.0545117273657825,7.040981320017272
2007-06-01,6.885845937580003,6.892722083632887,6.815388602332653,6.7900920304889105,6.901786603140102,6.879798637353555
2007-07-01,6.747073798981612,6.7539499450344955,6.724549876266153,6.651319891890518,6.754556906103676,6.741026498755163
2007-08-01,6.6944383636910345,6.702788012198107,6.581969137920598,6.5986844565999405,6.701921470813098,6.688391063464586
2007-09-01,6.585755282501491,6.599848580532391,6.473286056731053,6.490001375410397,6.593238389623553,6.579707982275043
2007-10-01,6.557954603878713,6.5648307499315965,6.445485378108272,6.462200696787617,6.565437711000774,6.551907303652263
2007-11-01,6.6402630160609855,6.6471391621138665,6.527793790290545,6.54450910896989,6.647746123183048,6.634215715834536
2007-12-01,6.796787972871401,6.803664118924285,6.684318747100963,6.701034065780307,6.8042710799934625,6.790740672644951
2008-01-01,6.976911205844601,6.983611040460232,6.86732580637597,6.883612527140459,6.984202438425072,6.9710189645983185
2008-02-01,7.089791225469877,7.0964910600855085,6.980205826001245,6.996492546765735,7.09708245805035,7.083898984223595
2008-03-01,7.1763664544882895,7.1830662891039205,7.0771006784377875,7.083067775784142,7.183657687068759,7.170474213242005
2008-04-01,7.236618617198751,7.243318451814384,7.1484405824228325,7.1433199384946064,7.243909849779223,7.230726375952466
2008-05-01,7.039307097206341,7.046006931821972,6.9297216977377065,6.946008418502197,7.046598329786812,7.033414855960057
2008-06-01,6.878124414542624,6.884824249158255,6.768539015073991,6.78482573583848,6.885415647123095,6.872232173296339
2008-07-01,6.739352275944233,6.746052110559863,6.6297668764756,6.6460535972400905,6.746643508524704,6.733460034697949
2008-08-01,6.686716840653657,6.693416675269287,6.5771314411850215,6.593418161949511,6.6940080732341265,6.680824599407371
2008-09-01,6.5780337594641125,6.584733594079743,6.468448359995477,6.484735080759967,6.585324992044582,6.572141518217828
2008-10-01,6.5502330808413305,6.556932915456962,6.4406476813727,6.456934402137188,6.557524313421802,6.544340839595048
2008-11-01,6.632541493023603,6.639241327639235,6.538101578905783,6.5392428143194605,6.639832725604075,6.6266492517773194
2008-12-01,6.789066449834019,6.795766284449651,6.686807491318119,6.695767771129876,6.7963576824144925,6.783174208587736
2009-01-01,6.969189682807222,6.975713205985597,6.8624881096403945,6.878346232490027,6.976289040846101,6.963452500541104
2009-02-01,7.082069702432497,7.088593225610875,6.975368129265673,6.991226252115305,7.089169060471377,7.07633252016638
2009-03-01,7.168644931450907,7.1751684546292855,7.061943358284081,7.077801481133715,7.175744289489787,7.1629077491847895
2009-04-01,7.22889709416137,7.235420617339747,7.122195520994543,7.138053643844176,7.235996452200251,7.223159911895252
2009-05-01,7.031585574168961,7.0381090973473395,6.924884001002134,6.940742123851768,7.03868493220784,7.0258483919028425
2009-06-01,6.872563905826091,6.87692641468362,6.763701318338415,6.7795594411880495,6.877502249544122,6.864665709239125
2009-07-01,6.731630752906853,6.738154276085229,6.6249291797400245,6.64078730258966,6.738730110945731,6.725893570640734
2009-08-01,6.679137324633219,6.685518840794653,6.572293744449447,6.588151867299081,6.686094675655153,6.6732581353501566
2009-09-01,6.57031223642673,6.576835759605108,6.463610663259902,6.479468786109537,6.57741159446561,6.564575054160612
2009-10-01,6.5425115578039525,6.549035080982328,6.435809984637125,6.451668107486758,6.5496109158428295,6.536774375537833
2009-11-01,6.624819969986223,6.6313434931646,6.518118396819396,6.5339765196690305,6.631919328025103,6.619082787720105
2009-12-01,6.78134492679664,6.787868449975018,6.674643353629812,6.6905014764794455,6.78844428483552,6.775607744530522
2010-01-01,6.961468159769843,6.967815371510965,6.857650412904823,6.8730799378395995,6.968375643267129,6.9558860364838875
2010-02-01,7.074348179395118,7.080695391136242,6.970530432530098,6.9859599574648765,7.0812556628924055,7.0687660561091645
2010-03-01,7.160923408413527,7.167270620154651,7.057105661548508,7.072535186483287,7.167830891910817,7.155341285127575
2010-04-01,7.22117557112399,7.227679856212747,7.117357824258969,7.132787349193747,7.228083054621277,7.215593447838037
2010-05-01,7.0238640511315795,7.0302112628727045,6.92004630426656,6.935475829201338,7.030771534628867,7.018281927845627
2010-06-01,6.862681368467863,6.869028580208987,6.758863621602843,6.774293146537621,6.869588851965151,6.85709924518191
2010-07-01,6.723909229869473,6.730256441610595,6.620091483004451,6.63552100793923,6.73081671336676,6.7183271065835175
2010-08-01,6.671273794578895,6.682963320580432,6.567456047713872,6.582885572648653,6.678181278076183,6.66569167129294
2010-09-01,6.5625907133893495,6.568937925130474,6.458772966524329,6.474202491459109,6.569498196886639,6.557008590103396
2010-10-01,6.53479003476657,6.541137246507695,6.430972287901549,6.446401812836329,6.541697518263859,6.529207911480617
2010-11-01,6.617098446948843,6.623445658689968,6.513280700083822,6.528710225018601,6.624005930446131,6.61151632366289
2010-12-01,6.77362340375926,6.779970615500384,6.669805656894237,6.685235181829017,6.780530887256549,6.768041280473306
2011-01-01,6.953746636732461,6.959917537036331,6.852812716169248,6.86781364318917,6.9604622456881575,6.948319572426673
2011-02-01,7.0666266563577365,7.072797556661607,6.965692735794523,6.980693662814447,7.073342265313435,7.061199592051949
2011-03-01,7.153201885376147,7.159372785680017,7.052267964812933,7.067268891832856,7.159917494331844,7.147774821070359
2011-04-01,7.213454048086609,7.21962494839048,7.136235836267321,7.127521054543319,7.220169657042308,7.2080269837808215
2011-05-01,7.016142528094199,7.0223134283980695,6.960228806647527,6.930209534550908,7.022858137049897,7.0107154637884115
2011-06-01,6.854959845430481,6.861130745734353,6.755602744129361,6.76902685188719,6.861675454386178,6.849532781124695
2011-07-01,6.716187706832089,6.722358607135964,6.668516365976081,6.6302547132888,6.722903315787788,6.710760642526303
2011-08-01,6.663552271541513,6.6697231718453835,6.564135294639256,6.577619277998222,6.67026788049721,6.6581252072357255
2011-09-01,6.55486919035197,6.56104009065584,6.5285661757733084,6.468936196808679,6.561584799307668,6.549442126046182
2011-10-01,6.5270685117291904,6.5332394120330575,6.430038218522446,6.441135518185897,6.533784120684887,6.521641447423402
2011-11-01,6.609376923911463,6.615547824215332,6.508443003348247,6.523443930368173,6.6160925328671585,6.603949859605675
2011-12-01,6.765901880721878,6.7720727810257495,6.6649679601586636,6.679968887178588,6.772617489677574,6.760474816416091
2012-01-01,6.9460251136950815,6.952019702561697,6.847975019433672,6.8625473485387385,6.952548848109187,6.940753108369457
2012-02-01,7.058905133320358,7.064899722186973,6.960855039058948,6.975427368164016,7.065428867734464,7.0536331279947335
2012-03-01,7.145480362338767,7.151474951205382,7.047430268077358,7.062002597182428,7.152004096752872,7.140208357013144
2012-04-01,7.2057325250492275,7.211727113915845,7.107682430787821,7.122254759892889,7.212256259463334,7.200460519723606
2012-05-01,7.008421005056817,7.014415593923436,6.910370910795411,6.924943239900478,7.014944739470924,7.003148999731197
2012-06-01,6.8472383223931015,6.85323291125972,6.749188228131692,6.763760557236763,6.853762056807208,6.841966317067478
2012-07-01,6.708466183794711,6.714460772661327,6.613095533641433,6.624988418638371,6.714989918208816,6.703194178469088
2012-08-01,6.655830748504133,6.661825337370749,6.557780654242723,6.572352983347793,6.6623544829182375,6.65055874317851
2012-09-01,6.547147667314589,6.553142256181205,6.44909757305318,6.46366990215825,6.5536714017286934,6.541875661988967
2012-10-01,6.519346988691809,6.525341577558428,6.421470713099474,6.4358692235354695,6.525870723105915,6.514074983366187
2012-11-01,6.6016554008740815,6.6076499897407,6.503605306612672,6.518177635717742,6.608179135288188,6.596383395548458
2012-12-01,6.7581803576844965,6.764174946551115,6.66013026342309,6.67470259252816,6.764704092098604,6.752908352358876
2013-01-01,6.938303590657699,6.944121868087063,6.843137322698097,6.857281053888311,6.944635450530214,6.933186644312243
2013-02-01,7.0511836102829735,7.057001887712341,6.956017342323372,6.970161073513588,7.057515470155491,7.04606666393752
2013-03-01,7.1377588393013855,7.14357711673075,7.042592571341784,7.056736302531997,7.1440906991739,7.132641892955929
2013-04-01,7.198011002011848,7.203829279441211,7.102844734052246,7.116988465242461,7.204342861884363,7.192894055666391
2013-05-01,7.000699482019438,7.006517759448801,6.905533214059836,6.91967694525005,7.0070313418919525,6.995582535673981
2013-06-01,6.839516799355723,6.8453350767850845,6.744350531396117,6.758494262586333,6.845848659228236,6.8343998530102645
2013-07-01,6.700744660757331,6.706562938186695,6.605578392797727,6.619722123987943,6.707076520629843,6.695627714411873
2013-08-01,6.6481092254667535,6.653927502896115,6.552942957507149,6.567086688697362,6.6544410853392675,6.642992279121295
2013-09-01,6.5394261442772095,6.545244421706573,6.444259876317606,6.4584036075078215,6.545758004149723,6.534309197931751
2013-10-01,6.511625465654428,6.517443743083793,6.416459197694827,6.43060292888504,6.517957325526943,6.506508519308971
2013-11-01,6.593933877836701,6.5997521552660645,6.498767609877099,6.512911341067313,6.600265737709216,6.588816931491245
2013-12-01,6.750458834647117,6.75627711207648,6.655292566687515,6.669436297877729,6.756790694519633,6.7453418883016605
2014-01-01,6.930582067620318,6.9362240336124295,6.838299625962522,6.852014759237883,6.936722052951242,6.925620180255027
2014-02-01,7.043462087245596,7.0491040532377065,6.951179645587798,6.964894778863157,7.049602072576518,7.038500199880303
2014-03-01,7.130037316264005,7.135679282256116,7.037754874606208,7.0514700078815675,7.136177301594929,7.125075428898713
2014-04-01,7.190289478974467,7.195931444966577,7.098007037316672,7.1117221705920315,7.196429464305392,7.185327591609176
2014-05-01,6.992977958982058,6.998619924974169,6.9006955173242615,6.9144106505996215,6.999117944312982,6.988016071616766
2014-06-01,6.83179527631834,6.83743724231045,6.739512834660545,6.753227967935902,6.837935261649264,6.826833388953048
2014-07-01,6.6930231377199485,6.6986651037120595,6.600740696062152,6.614455829337512,6.699163123050872,6.688061250354658
2014-08-01,6.640387702429369,6.646029668421482,6.548105260771575,6.561820394046935,6.646527687760295,6.63542581506408
2014-09-01,6.531704621239827,6.537346587231938,6.439422179582032,6.453137312857393,6.5378446065707525,6.526742733874537
2014-10-01,6.5039039426170495,6.509545908609159,6.411621500959253,6.425336634234611,6.5100439279479705,6.4989420552517565
2014-11-01,6.58621235479932,6.5918543207914295,6.493929913141526,6.507645046416882,6.592352340130245,6.581250467434029
2014-12-01,6.742737311609738,6.748379277601848,6.6504548699519415,6.6641700032273,6.748877296940661,6.737775424244446
2015-01-01,6.922860544582938,6.928326199137795,6.8334619292269485,6.846748464587453,6.928808655372269,6.918053716197812
2015-02-01,7.035740564208214,7.041206218763072,6.946341948852223,6.959628484212727,7.0416886749975465,7.030933735823089
2015-03-01,7.1223157932266234,7.127781447781483,7.032917177870632,7.046203713231138,7.128263904015957,7.117508964841499
2015-04-01,7.182567955937087,7.188033610491942,7.093169340581097,7.1064558759416006,7.188516066726417,7.177761127551961
2015-05-01,6.985256435944677,6.990722090499535,6.895857820588686,6.909144355949191,6.99120454673401,6.980449607559551
2015-06-01,6.8240737532809606,6.829539407835817,6.734675137924969,6.747961673285473,6.830021864070291,6.8192669248958335
2015-07-01,6.685301614682567,6.690767269237425,6.5959029993265785,6.609189534687082,6.6912497254719,6.680494786297443
2015-08-01,6.6326661793919905,6.638131833946848,6.543267564035999,6.5565540993965055,6.638614290181322,6.627859351006864
2015-09-01,6.523983098202447,6.529448752757305,6.434584482846457,6.447871018206961,6.529931208991778,6.519176269817321
2015-10-01,6.496182419579668,6.501648074134524,6.406783804223678,6.420070339584183,6.5021305303690005,6.491375591194542
2015-11-01,6.5784908317619415,6.583956486316798,6.48909221640595,6.502378751766454,6.584438942551272,6.573684003376814
2015-12-01,6.7350157885723565,6.740481443127212,6.645617173216367,6.658903708576871,6.740963899361688,6.73020896018723
2016-01-01,6.915139021545558,6.920428364663161,6.828624232491374,6.841482169937023,6.920895257793298,6.910487252140597
2016-02-01,7.028019041170834,7.033308384288437,6.9415042521166495,6.954362189562299,7.033775277418574,7.023367271765873
2016-03-01,7.114594270189244,7.119883613306848,7.02807948113506,7.040937418580707,7.120350506436983,7.109942500784284
2016-04-01,7.174846432899708,7.180135776017307,7.088331643845523,7.101189581291171,7.180602669147447,7.170194663494745
2016-05-01,6.977534912907298,6.982824256024902,6.891020123853113,6.904462034317117,6.983291149155036,6.972883143502337
2016-06-01,6.816352230243579,6.821641573361182,6.729837441189394,6.7426953786350445,6.8221084664913185,6.811700460838618
2016-07-01,6.677580091645187,6.682869434762791,6.591065302591004,6.603923240036654,6.6833363278929285,6.672928322240227
2016-08-01,6.624944656354611,6.630233999472213,6.538429867300426,6.5512878047460745,6.630700892602349,6.62029288694965
2016-09-01,6.516261575165068,6.52155091828267,6.429746786110883,6.442604723556531,6.522017811412808,6.511609805760106
2016-10-01,6.4884608965422865,6.4937502396598905,6.4019461074881026,6.414804044933753,6.494217132790028,6.483809127137326
2016-11-01,6.570769308724557,6.576058651842162,6.484254519670376,6.4971124571160255,6.5765255449722995,6.566117539319598
2016-12-01,6.727294265534978,6.732583608652579,6.640779476480793,6.653637413926441,6.733050501782715,6.722642496130016
2017-01-01,6.918345107994227,6.912530530188527,6.8237865357558,6.893585697313784,6.912981860214327,6.902920788083382
2017-02-01,7.38818283715045,7.025410549813802,6.936666555381076,7.163706768460075,7.037820786644449,7.015800807708658
2017-03-01,7.106872747151862,7.111985778832214,7.023241784399487,7.120856705521164,7.112437108858013,7.102376036727068
2017-04-01,7.167124909862325,7.172237941542676,7.0834939471099485,7.095923286640742,7.1726892715684745,7.16262819943753
2017-05-01,6.969813389869916,6.9749264215502675,6.8861824271175385,6.898611766648332,6.975377751576066,6.96531667944512
2017-06-01,6.808630707206199,6.813743738886548,6.7249997444538225,6.737429083984615,6.814195068912348,6.804133996781403
2017-07-01,6.669858568607808,6.674971600288157,6.586227605855429,6.5986569453862245,6.675422930313957,6.6653618581830125
2017-08-01,6.617223133317231,6.62233616499758,6.5335921705648525,6.546021510095646,6.6227874950233785,6.612726422892434
2017-09-01,6.508540052127688,6.513653083808036,6.4249090893753085,6.437338428906102,6.514104413833835,6.504043341702891
2017-10-01,6.480739373504906,6.485852405185256,6.415635766796849,6.409537750283325,6.486303735211057,6.476242663080111
2017-11-01,6.5630477856871785,6.568160817367529,6.592408239474148,6.491846162465595,6.568612147393327,6.5585510752623835
2017-12-01,6.7195727424975935,6.724685774177946,6.635941779745218,6.648371119276012,6.7251371042037436,6.7150760320728
2018-01-01,6.899695975470798,6.904632695713892,6.8189488390202255,6.8309495806361635,6.905068462635354,6.895354324026167
2018-02-01,7.012575995096072,7.017512715339169,6.931828858645501,6.9438296002614415,7.017948482260631,7.008234343651443
2018-03-01,7.0991512241144825,7.1040879443575795,7.018404087663912,7.030404829279853,7.1045237112790405,7.094809572669853
2018-04-01,7.1594033868249465,7.164340107068043,7.078656250374374,7.090656991990312,7.164775873989504,7.155061735380316
2018-05-01,6.962091866832536,6.9670285870756326,6.881344730381964,6.893345471997902,6.967464353997093,6.957750215387906
2018-06-01,6.800909184168817,6.805845904411914,6.7201620477182455,6.732162789334185,6.806281671333376,6.796567532724188
2018-07-01,6.662137045570427,6.667073765813522,6.581389909119856,6.5933906507357944,6.667509532734983,6.657795394125797
2018-08-01,6.609501610279849,6.614438330522945,6.528754473829277,6.540755215445214,6.614874097444407,6.605159958835218
2018-09-01,6.5008185290903056,6.505755249333402,6.420071392639732,6.432072134255673,6.506191016254864,6.496476877645675
2018-10-01,6.473017850467527,6.477954570710622,6.392270714016955,6.404271455632893,6.478390337632084,6.468676199022896
2018-11-01,6.555326262649799,6.560262982892895,6.474579126199227,6.486579867815165,6.560698749814357,6.550984611205168
2018-12-01,6.711851219460215,6.716787939703312,6.631104083009642,6.643104824625581,6.7172237066247735,6.707509568015585
2019-01-01,6.8919744524334146,6.896734861239259,6.814111142284651,6.8256832859857335,6.897155065056382,6.8877878599689515
2019-02-01,7.004854472058692,7.009614880864536,6.955412039162263,6.9385633056110105,7.0100350846816575,7.019649713635449
2019-03-01,7.091429701077103,7.0961901098829445,7.0290133866764215,7.025138534629423,7.096610313700068,7.087243108612638
2019-04-01,7.151681863787564,7.156442272593408,7.114143590068643,7.085390697339884,7.156862476410531,7.1474952713231
2019-05-01,6.954370343795153,6.9591307526009984,6.882546790463987,6.888079177347474,6.959550956418121,6.95018375133069
2019-06-01,6.793187661131438,6.7979480699372825,6.786950566652132,6.726896494683754,6.798368273754404,6.789001068666973
2019-07-01,6.654415522533046,6.65917593133889,6.67194366105322,6.633919628118192,6.659596135156013,6.6502289300685815
2019-08-01,6.601780087242467,6.6065404960483125,6.65453252202486,6.535488920794787,6.606960699865434,6.597593494778003
2019-09-01,6.493097006052924,6.4978574148587676,6.415233695904161,6.426805839605242,6.498277618675893,6.48891041358846
2019-10-01,6.465296327430145,6.470056736235987,6.3874330172813805,6.399005160982464,6.470476940053112,6.461109734965681
2019-11-01,6.547604739612418,6.552365148418264,6.469741429463652,6.481313573164737,6.552785352235384,6.543418147147953
2019-12-01,6.704129696422834,6.708890105228678,6.626266386274067,6.637838529975152,6.7093103090458,6.699943103958369
2020-01-01,6.884252929396036,6.8888370267646275,6.809273445549077,6.820416991335305,6.8892416674774095,6.880221395911736
2020-02-01,6.997132949021312,7.001717046389903,6.922153465174353,6.933297010960582,7.0021216871026875,6.993101415537013
2020-03-01,7.083708178039721,7.088292275408312,7.0087286941927625,7.019872239978992,7.088696916121098,7.0796766445554224
2020-04-01,7.143960340750184,7.1485444381187735,7.0689808569032255,7.080124402689455,7.148949078831558,7.140835726062093
2020-05-01,6.9466488207577735,6.951232918126364,6.871669336910816,6.882812882697044,6.951637558839148,6.942617287273475
2020-06-01,6.785466138094058,6.7900502354626475,6.710486654247098,6.721630200033327,6.790454876175432,6.781434604609758
2020-07-01,6.646693999495666,6.651278096864256,6.571714515648707,6.582858061434934,6.65168273757704,6.642662466011366
2020-08-01,6.594058564205088,6.5986426615736775,6.519079080358129,6.530222626144358,6.599047302286463,6.590027030720789
2020-09-01,6.485375483015544,6.489959580384134,6.4103959991685855,6.421539544954815,6.49036422109692,6.4813439495312455
2020-10-01,6.457574804392765,6.462158901761355,6.382595320545808,6.393738866332035,6.46256354247414,6.453543270908466
2020-11-01,6.539883216575038,6.5444673139436285,6.464903732728077,6.476047278514308,6.544871954656412,6.535851683090738
2020-12-01,6.6964081733854535,6.700992270754044,6.6214286895384955,6.632572235324723,6.701396911466827,6.692376639901154
