,IPSL-CM6A-LR-r1i1p1f1,ACCESS-ESM1-5-r1i1p1f1,UKESM1-0-LL-r8i1p1f2,CanESM5-r1i1p1f1,UKESM1-0-LL-r3i1p1f2,UKESM1-0-LL-r2i1p1f2,UKESM1-0-LL-r1i1p1f2,GFDL-ESM4-r1i1p1f1,UKESM1-0-LL-r4i1p1f2
1993-01-01,5.994246351777513,5.525536297284427,6.347860807247838,6.9997398799929025,5.665210172795,6.711401530166148,5.620766098160736,5.696779888785982,5.80025149995833
1993-02-01,5.286979750697465,5.221898186590908,5.995382195952604,6.886388551330912,5.497053272468842,5.95162411451884,4.722381457350012,5.598178740032479,5.765913337807838
1993-03-01,4.961984221830837,5.029472980130689,5.96441772552647,6.219173735733883,6.287510376154968,5.7585217359218905,4.624675273317556,5.226356874606776,5.831274610057099
1993-04-01,4.899633731373371,4.8039839062005125,6.302518967158681,5.961393104121258,6.3554781426909885,5.717082373782209,5.2042021685400695,5.036397550727992,5.594170242439772
1993-05-01,4.811717618826019,4.8735725467516415,6.418865387833272,5.757327634023211,6.796918971211326,5.702594941313317,5.135190737059259,5.48489980452776,5.226825975045182
1993-06-01,4.850642983397158,4.9422068159194295,6.26092588214882,5.768193347038992,7.161773055651491,5.83195234106846,5.113453877714512,5.688605918233186,5.232048865808296
1993-07-01,5.2826572689766085,5.2017777892894745,6.4596162228484415,6.050421926837075,6.826767662750058,6.092851959590478,5.30991079974898,5.491399474830629,5.532919202439121
1993-08-01,5.935833671569794,5.552736828443093,6.8270774533367415,6.317581038236416,6.6550847939619455,6.318992259827987,5.820205489261713,5.728213921783638,6.060324633675218
1993-09-01,6.0924494864507945,5.620351177117205,6.878460849354237,6.054247153157451,7.037860528701656,6.404423424062964,5.912436172102373,5.614944661166631,6.193762671338936
1993-10-01,6.1840468765140315,5.5145759539899935,6.280159902039424,6.865335837332062,7.646189943781619,6.2530615971303165,6.281294338426357,5.342654286659624,7.094538154364072
1993-11-01,6.4308638043841135,5.5085218895642605,5.7470424731194925,6.58906016013152,7.4277557568600034,5.869757704509054,6.286324301092267,5.921527078725079,6.84111795678751
1993-12-01,5.428466807343855,5.4085242620785845,5.205540258864331,6.917474929822959,7.166411982780943,6.230800875305146,5.916659732532537,5.407050055236264,6.166957930911924
1994-01-01,4.860068258668418,5.280064305998705,5.6339104526982275,6.8554071743845135,6.517422636838652,6.710085115882869,7.2239361950326755,5.3408327420164285,5.627466337819706
1994-02-01,5.019380367789365,5.114368550524712,6.5540049002423935,6.515152073665313,6.428108565075664,6.029052207724245,6.713128076760652,5.500188105788434,5.542171148075529
1994-03-01,5.058492546748749,4.8982506095146165,6.599291432871148,6.566227547095021,5.905350021104437,5.6172874703823314,7.075616494367233,5.740043025531628,5.307399595100503
1994-04-01,5.150131454202321,4.730152468904357,6.6636303816015126,6.252952635954204,5.745593419697532,5.121687938196592,6.944490863925532,5.690517469165188,5.452637309365118
1994-05-01,5.2008582144994895,4.7291743232511445,7.309109086167887,6.358344331643294,5.698431446897775,5.2456576703331175,6.586100801926477,5.890931203201108,5.650717452855024
1994-06-01,5.243996777278934,4.835556207309564,7.014734815668622,6.350835031807913,5.741183007298591,5.3010298158142,7.043139118740082,6.145774532671977,5.89967748605522
1994-07-01,5.471949124404799,5.148780805375002,6.745810581513632,6.5928344399602725,5.999264348557737,5.5470346790218095,7.938445819233428,5.552696230245993,5.862191466711128
1994-08-01,5.831484361109758,5.5262312975190095,6.882160686493237,6.789751736065749,6.281872334501553,5.8243277722471145,7.281423487454772,5.709125088160695,5.881150545737167
1994-09-01,6.014594193362497,5.611959389219031,6.8387991643961135,6.6303400079445245,6.279865737103336,5.95492368327132,7.2210496581997665,6.193463172505761,5.928463275057579
1994-10-01,6.672517613445293,5.636587443971338,7.505564446133612,6.766829641449549,5.803069751451032,5.967696492922897,6.061381456413258,5.662490530694607,5.577862304604285
1994-11-01,6.942410471635557,5.4913450305184295,6.6767387515501495,5.9139396527953405,6.632690513848115,5.900175042373058,6.163601677511468,5.867224375483018,5.495414267454908
1994-12-01,6.021220637042241,5.500725621902597,6.61244129754711,5.931530598402666,6.4272512044344525,5.552981038124889,6.017593678570062,5.309309983356576,5.672625692696361
1995-01-01,6.0646095796649835,5.648078571133852,6.537339901440821,6.6886994176964105,5.907400180247596,5.366567192826361,5.723309381554952,5.401772536526594,5.791277946731011
1995-02-01,6.081840904129517,5.582149273827605,6.076753404584513,6.250702953917352,5.45168538127662,5.413773910897088,4.985962135745716,5.2336193925316286,5.498873588979669
1995-03-01,5.6733426446634905,5.340795434453423,5.633483680924188,5.109270121605882,5.429306908815764,5.040890610748283,5.107358150928572,4.8290627530043535,5.332838493970931
1995-04-01,5.2045506211295525,5.302002811612648,5.298330401436665,5.143161968945273,5.670859404139433,4.898702969057706,4.501271850600876,5.0987290935547485,5.331550004984335
1995-05-01,5.348078413442126,5.274104166387259,5.796561679551369,5.079552486886358,5.613989490655611,4.800516909917683,4.593173537439461,5.072746148526073,4.904654707721338
1995-06-01,5.362258914810093,5.259842642681602,5.7057260180934914,5.071321287738266,5.818095797370278,4.876810138628453,4.54604519916828,5.0235306281164185,5.0648173924231275
1995-07-01,5.3427068746778,5.443671841394397,5.790506185789818,5.3442365655011645,5.490571011813484,5.513002876265862,5.1197781939441205,5.203325012069062,5.529561212483262
1995-08-01,5.374465775545967,5.667356609344605,5.996397264544287,5.712434288111613,5.809608783429438,5.959502341324242,5.701912437269554,5.700059597673747,6.019810028184072
1995-09-01,5.846027239971509,5.644702353567202,6.067570129642579,6.170622605044855,6.327198761158688,6.31078006324092,5.3939313263559665,5.672231472925506,5.89386596488642
1995-10-01,5.479829990038433,5.715522411614645,7.44642513639112,6.6860027774085165,7.4590684792502175,5.9964498760790494,5.612058937366903,5.150895659336904,6.781298111709374
1995-11-01,6.213463486393616,5.745617045550411,7.446028252873938,6.091002283738479,6.6828774332247285,6.439057788616928,6.479852488719595,5.492802347635885,6.360213497311317
1995-12-01,6.258589244078901,5.861182189404877,6.337829039285031,6.476165027817057,5.895903923259933,6.334580607896442,6.1499037182006075,5.4354580364365495,5.965265124151689
1996-01-01,6.7503009324004735,6.507181145006933,6.341540378960838,6.03401671410337,5.117062057596239,6.197604080541798,5.562155747248074,4.949029993518414,5.95342869126556
1996-02-01,6.289367332435902,6.274717048302213,5.846874813011949,4.7260060597231535,5.266065769357006,5.802836363426841,5.182210112726192,4.851957945507248,5.8442871887708945
1996-03-01,5.303884341616494,6.089095918448911,5.711808458465478,4.541971313874376,5.629685351577648,5.237389349833588,5.072423488962741,4.70397699803576,6.35567388008479
1996-04-01,4.964444341117707,5.931871740229454,5.3013710196011035,4.960082912694032,5.842832821650977,4.860074979066209,5.195902252233125,4.5555751974567205,6.682411397844307
1996-05-01,5.0198904692201545,5.940464075720153,5.1795991430387245,4.919875914754721,5.907279387756644,5.203099002007873,5.149617797437634,4.921706058847366,6.762970064723823
1996-06-01,5.198123315877401,5.607486683627354,5.156482442432057,4.993914448893868,7.146798325270289,5.656856007634633,5.191832909111373,5.445397430236078,6.011969652835342
1996-07-01,5.493290321800092,5.9135847128668475,5.486200387987447,4.922774103794072,6.364356577751522,5.941234507539347,5.39124217106825,5.688820725584461,5.94667359711419
1996-08-01,5.910182369997648,5.886801065278185,5.897524827278168,5.408548732767827,6.089271470504335,6.269573518693764,5.705796725344078,6.165653551833128,6.191422109862317
1996-09-01,6.021716997749312,5.878574867839259,6.267297666964384,6.028663795278241,5.863233898147034,6.493029548960878,5.789556452689536,5.8552836300415505,6.262287624676549
1996-10-01,6.093626417751036,5.771271322299862,5.956607459130671,5.313755951171115,6.3480743601417124,8.167003434608228,6.012000966901282,5.6524136566749466,5.7083355333317645
1996-11-01,5.375916392017563,5.549643850781342,6.3388074156986365,6.0043789835765216,6.320136697456839,7.2636001738638125,6.028990447177698,5.239483604965173,6.274345068746537
1996-12-01,5.480555034564126,5.578911702034509,6.099017515802195,6.551961836496951,6.178714468710606,7.2731709454051865,5.905335106673707,5.479316470223342,6.9994383490158
1997-01-01,5.947106913421834,5.3209357163616255,5.474085987099778,6.972212453282862,5.679802123993308,7.133881255403267,6.046440193335142,5.353130325977685,6.931909654745071
1997-02-01,5.252008380575182,5.473415863224805,5.134350752977452,6.668133618701571,5.722039734618727,7.1589818871395785,5.747498502716159,5.280259159090707,6.36109285789502
1997-03-01,5.584683262879077,5.526588507145176,4.547848035730394,6.341172823624069,6.119397235346368,7.123192100376171,5.1034062294598845,5.005488797972643,5.627990401554646
1997-04-01,5.5396129241965175,5.1974333471949725,4.300748556432417,6.30727647514251,6.6015653950571105,6.963790592941786,4.558919194504477,5.1309859300659975,5.483578027584475
1997-05-01,5.329696026652412,5.174335293432363,4.420258503150865,6.352036292704322,6.1935029761298335,6.619136526163302,5.032499960668178,4.745027675237159,5.515872117570914
1997-06-01,5.345278565691318,5.218191600917238,4.479071235446937,6.395219215662498,5.719945735443393,6.59669191023381,5.209065641507967,5.214291589815762,5.6542221587935
1997-07-01,5.605309387002841,5.537241855989809,5.119132303521192,6.542190521920952,6.015446143258883,6.86081589742488,5.358099694225408,5.416487416277263,5.853133236207582
1997-08-01,5.920855342953116,6.1363939431144425,5.5316171134815075,6.7618347606172025,6.666278351661543,6.9843677616499065,5.826146693145136,5.951656231114214,6.000529030974718
1997-09-01,6.0904926076134025,6.0488937702504435,5.753905159644854,6.610310156409796,6.932396262153237,7.093953987563299,5.990702933604117,6.048491180958752,5.933063373019768
1997-10-01,6.055431323938457,6.1179873912023055,5.0920570241025995,6.182474431297772,8.11555455274533,7.377076759048716,5.855143076221267,5.8254342867747955,5.962686118540645
1997-11-01,6.526953337332486,6.6084448209821565,5.094972597571383,6.42181313359024,6.668621234601865,6.4069450441707065,5.943830052848207,6.163573789368969,6.014818806161278
1997-12-01,6.8296087401136685,6.284603771695688,5.588698929165052,6.280126800127963,6.388493190068923,5.749834500563301,5.694124661042433,5.795013552390852,5.773443817190309
1998-01-01,6.845163964885589,6.0994422680074525,5.690663331591994,6.5475899455927005,6.682193705762045,5.823264151253308,5.5541684527265325,5.741058365113531,5.968277041939505
1998-02-01,6.056628478990325,5.8288558031643465,5.664202327742543,6.106712470831604,6.42911657122435,5.744371617691118,5.438643418084917,5.560270261067832,5.926324705056521
1998-03-01,5.278314719307236,5.2874095335104885,5.344165288008756,6.468491896185648,5.322743875662236,5.6672083068670505,5.043919948945011,5.305850187911366,5.245458078128639
1998-04-01,5.1464265122677055,5.305779887427017,5.161039516866438,6.3605876867578095,4.7581702260324885,5.5119733403012825,4.989947504482583,5.532537087955821,5.04633499461181
1998-05-01,5.3109637189921655,5.402502258345847,5.107545128954044,6.2880110167363945,4.8165689325000764,5.625887372000717,4.847505197291545,5.792018360239433,5.6560310531213425
1998-06-01,5.266658627184504,5.509566579467196,6.522267241863692,5.99096203885647,4.879703791090819,5.434919749088472,5.140192123283514,5.7905521021051545,5.19376752804046
1998-07-01,5.5087673020111545,5.594304990102042,5.6576693900404385,6.039161510146588,5.570093409590104,5.616940753645418,5.330796577080012,5.5840971916889695,5.523360135133316
1998-08-01,5.9330406168815575,5.686255199088382,5.989083103263433,6.176431728389693,6.073567088329222,5.8131590246916565,5.685113503670948,5.568628111103346,5.759257414580171
1998-09-01,6.039762851864332,5.6818287009612956,5.967945850110543,6.362117624149897,6.014420374994504,5.941130210041805,6.196645999279253,5.721076487312938,5.981517936009752
1998-10-01,5.729680878355845,5.65096853130772,5.825736179987946,6.2686043206525985,5.570363623759345,6.423014145108888,5.902031059799782,5.573909244752052,5.662574962428664
1998-11-01,5.557879030746901,5.694446144061412,6.624960256889431,6.499060814166019,6.229555045888394,6.662881141215661,7.062567019704981,5.315166042239103,5.734237702733019
1998-12-01,6.001949481263432,5.6669995286744,5.839808199303577,7.0371748190970935,6.158607968934313,5.687950341066571,6.9977179384300685,5.639645539790551,6.170234230597163
1999-01-01,5.480283232282493,5.605930050501794,5.549753132322259,7.155838833493617,6.341656643390618,5.746470180380317,6.759560784827317,5.793789385947219,6.542698410586438
1999-02-01,5.315010224987756,5.83609193353501,5.961797430799316,6.50892276448087,6.244357901623722,5.705486982469287,6.135848012993892,5.601206910802653,6.3905998044113295
1999-03-01,5.4987385616889135,5.871611148342098,5.678741799320729,5.941051878571187,5.385623447832588,5.461257680583817,4.948108718842748,5.5273763020876805,6.016310735877868
1999-04-01,5.295387605143773,5.771681673269763,5.583439607346588,5.499935357186606,4.8996019560504935,5.5927871264318965,4.901338672056599,5.768802802075326,6.047562528168749
1999-05-01,5.7894229129884955,5.6419113214912535,5.491387451005679,5.488361250818522,4.775208481150487,5.682610070185242,5.04544342156571,5.922238422353426,5.9063085400089355
1999-06-01,5.526262009812921,5.5203987273376685,5.169752077190156,5.531683580746997,4.963819093132796,5.388576730278324,5.038782615407496,5.4472383458681035,5.923607214121538
1999-07-01,5.813766068787178,5.655681451488211,5.476749381187501,5.99240750163702,5.3026677888304246,5.707560749264292,5.279608198778939,5.6898188945223485,6.4496703895767045
1999-08-01,6.436323617395746,6.0280296404197244,5.876831063711334,6.148913333726043,5.697330872898606,5.793361895589503,5.662956411446652,5.8885268279774925,6.151081151489034
1999-09-01,6.6820663755853325,6.14621857115247,5.811192063925098,6.0479684257661,5.511528535108766,5.861126280784477,5.864869993698552,6.5280470389618825,5.7827373213219095
1999-10-01,6.2649856788278875,6.0863823577079454,6.286061535304422,6.649818431925615,5.174764662044655,5.892998684770721,6.741518484755231,6.0247122678460565,5.72678620428195
1999-11-01,5.593896867527144,6.153354416289308,6.356873621076463,6.348166679661994,5.613585210768778,5.712219733203836,6.3339893229646975,6.392358306324035,5.900546553519968
1999-12-01,5.819339375163675,5.623095108835306,6.4707420085845495,6.305916140485215,5.4295407273298935,5.6061040362113985,6.227419528110618,6.2857565998412275,5.670396627250888
2000-01-01,6.07750424216133,5.4052873141982545,5.621652113843408,6.404597644946213,6.118858254168085,6.1584626442340324,5.667589179337624,6.4260524718872505,5.74657365080946
2000-02-01,6.921072300642521,5.024982299158206,4.8912937686895255,6.4319459658952995,5.320699660923733,6.673640484502298,4.785538276053749,6.300927751421751,5.767032613395588
2000-03-01,6.993886247808162,4.845459082019985,4.624953592237409,6.386814889714187,5.527267116557104,6.089159781254299,5.6331172923861095,6.095990078673844,5.5748416087347215
2000-04-01,6.918928330502359,4.727037485744298,4.715482676340182,6.242826987385034,5.734081822458331,6.40669972592441,5.651361639505635,5.8931101202217135,5.23219441643427
2000-05-01,6.7197591613659045,4.600228638745911,4.648843004926259,6.068288419003321,5.683254320576861,5.9984919540845665,5.572868484406488,5.324463998482903,5.206081291725297
2000-06-01,6.655026871677011,4.69027367635915,4.956333310149575,5.99240016864125,5.739083175723916,6.213902922280212,5.677246291351072,5.1675962188793365,5.664957670318646
2000-07-01,6.9150865761395615,5.119491613855087,4.8629550129195485,5.889682630040486,6.078258136386457,5.850074993968751,5.391315154731132,5.738644568752303,5.375139232123587
2000-08-01,6.6781872722545925,5.341227613416251,5.607790921687331,6.2553982834247135,6.625581346896796,5.999156353440465,5.7084901097274825,6.146161404863569,5.794717335397472
2000-09-01,6.551894856021937,5.471120482913934,5.945059387092812,5.902302707495197,6.741873944651957,5.914205724298473,5.5337977926098265,6.476639279209128,5.72426844674149
2000-10-01,6.2554105642113695,5.494889334998367,6.474206015970602,5.688989694736925,8.094284770940764,5.8528101616228785,5.150179709687933,5.811389847964732,5.7033549620274595
2000-11-01,6.2068911235606565,5.795456056547133,6.09322129100496,6.034414886749572,7.066504736394219,6.132424742566996,5.297811272814478,6.118687153676982,5.6878474309495095
2000-12-01,5.304089472913773,6.082084072107233,6.274394475395456,6.337066954689718,6.976434637502532,6.328997021629039,6.407405204666418,5.6338946965064025,5.741014467507394
2001-01-01,5.985146221474433,6.061863219113013,6.3590633540744195,7.0211962145147,6.857090465477919,6.275774597502393,5.598846212764126,5.224917317121768,5.901661997448824
2001-02-01,5.512048091300024,5.566071996912601,5.319427385823172,7.016830605712645,6.712312820292473,5.518521560357442,5.639545781317327,5.381229958398613,6.108778095409775
2001-03-01,5.548646043013967,5.073858549354427,5.247315754077973,6.612851229947253,6.76914404797259,5.076976033486495,5.205184017019441,5.099993066735927,6.253223675849739
2001-04-01,5.273071964104807,4.7941823140513335,5.314994431641512,6.316671934158274,6.523913892259032,4.933439113929364,5.079527298590335,5.087738544200144,5.995296899924873
2001-05-01,5.419712309300883,4.910197495305572,5.662932889178977,6.121254428186967,6.2011585718218525,4.775455149425387,5.746464773149473,5.028231196904115,5.910901603717981
2001-06-01,5.798422704789577,5.044676485034119,6.991478897889942,6.316496283855106,5.89731719206058,4.8377583664345325,5.398018623107912,5.179761868004197,5.8216814540787425
2001-07-01,6.175506677345744,5.8119212642903255,6.602191126402135,6.407880114522643,6.07108332843086,5.246177601879347,5.6616848029242455,5.3013746604464815,5.91453151467539
2001-08-01,6.317189682576923,5.970632772362263,6.2583661191416775,6.853990662831148,6.585169291235963,5.6595771936142265,5.652945066960156,5.514236914216333,6.270468118599056
2001-09-01,6.504606917952146,5.996078942362938,6.319396171357074,7.299689848898841,6.925015434959742,5.823204888606711,5.870581704735045,5.93572019052821,6.187736885641526
2001-10-01,6.054603165758701,5.813257995427346,5.7442086731832696,6.952972963579232,7.436174504680331,5.74780718794354,6.095461501401771,6.954809757846753,6.3511281936941035
2001-11-01,5.566049121358148,5.6514468949329775,5.761039163865688,6.325322638615475,6.849130262780043,5.910340214571514,6.618917646453284,6.500489130536722,6.779345318919072
2001-12-01,5.271409245646053,5.59368858025249,5.314997507288601,6.372161319589857,6.2210855793965365,6.959128870345866,6.1729069493263875,6.256202937731992,6.152609873593795
2002-01-01,4.772315247731612,5.591270443783896,5.779994272556458,5.573124698714995,5.80765252091786,6.627304386899786,5.568039220221797,6.409537866359769,6.42550994660698
2002-02-01,5.6361097823827775,5.554311707367134,5.643445471220293,4.805165332021278,5.587184490243411,7.1729244617138885,5.479228223028178,6.509467805975128,5.9184766400578726
2002-03-01,5.801816133463907,5.440667446399564,6.347966222240068,4.854556035923089,5.0127821665237455,7.128614960483695,5.8146600886101565,6.403660679016213,5.429153974574344
2002-04-01,5.205446238499602,5.223703991977006,6.5023250672159225,4.773891291202091,4.706876864384703,7.170905502298753,5.716408021103242,6.201089920271675,4.92776737928589
2002-05-01,5.045695804495015,5.2277581329031655,5.994823409801932,5.207278662605146,4.778311621365639,7.756729040012669,5.630565146408258,5.430630032588682,5.155266863131498
2002-06-01,5.0807444613223485,5.446040968134809,5.801855371860476,5.246706445444251,4.85947809462084,8.017696773511906,5.660488989768488,5.0593830148514565,5.302484464179366
2002-07-01,5.152721717915803,5.931341436085753,5.928102848471532,5.3441631390952375,5.4360372530770125,7.644677389124548,5.8823969611703335,5.712915536866563,5.66003587278112
2002-08-01,5.635609995296288,5.91469026334278,6.372985014386822,5.899887264025737,5.91698065921108,7.4144404545410945,5.985574370298033,5.8277008013184055,5.951954026914951
2002-09-01,5.90924553752993,5.849813723148854,6.341386282386737,5.972918877936473,5.807541496615222,7.274066997628193,6.077086294665233,5.718010831149262,5.86424979122411
2002-10-01,5.742197091463642,5.7456830083239065,7.156319574243264,6.284898156974921,6.084318100093122,7.97058231563792,6.283965774574286,5.530092023372181,5.731815708957736
2002-11-01,6.013903834836934,5.897699932701322,6.540469259660702,5.788616504984133,5.728794800212481,7.056249184315772,6.365009516409921,5.980279704697171,5.97699525449498
2002-12-01,6.112360401952461,5.853408283238803,6.475947208352682,5.491768963030857,6.0585477770305225,6.74877352601855,6.788803891883384,5.55831690295216,6.176067302844202
2003-01-01,6.105903172755097,5.836223639939004,6.919878423871528,4.594037486867925,6.422259202618191,6.407976650492071,6.168244917657237,5.297696619309038,6.54967212180178
2003-02-01,6.161771882814808,6.0298058353327155,6.007199332338188,3.8893236406260767,5.483113623605055,6.322740287639425,6.418853437770963,5.387181547289469,6.39220392959459
2003-03-01,6.582434518004451,5.7745366254777375,4.92765309983962,3.4713800854944603,5.4214079975286165,5.984877049484255,5.9301696339689505,5.297840219902923,6.635510663679921
2003-04-01,6.5198570202304325,5.407086664229971,5.13231713212295,3.6852830592687673,5.192337435466818,6.0523546384251246,5.631106390183923,5.293295191556244,6.614646460192514
2003-05-01,6.787773690523598,5.348160570122407,5.42735029102587,4.029756663829703,5.166178013703539,5.849263282152402,5.668085916099835,5.539080730714582,6.427266258903725
2003-06-01,5.941383764902383,5.496385261386676,5.929546536744077,4.034411565347472,5.251624763563968,5.970178772980738,5.754322891662222,5.841991666418768,6.304785152289846
2003-07-01,5.894570661728122,5.748194014995892,5.651568458798369,4.512016182631051,5.689239804784279,6.311939846011502,6.1472055558775205,6.232607430329762,6.348759852199913
2003-08-01,6.082861653797853,6.1340911262291815,5.917350899744383,5.5722667536872805,6.1104222691269205,6.563473819913512,6.383254706235182,6.363455952054754,6.510140401087309
2003-09-01,6.233025467056461,6.404405053931033,5.96517954319715,5.886985981402093,6.35213392438305,6.96533298383023,6.283694431435173,6.134068550604124,6.632567409157887
2003-10-01,6.397684070330121,6.4044637356197445,5.0367732728330985,5.839393197477128,7.168931816804153,6.26123546325511,6.673408434210826,6.1637292613321755,7.134688044297879
2003-11-01,6.6346933001208015,6.129265791797247,5.840281456642624,6.304843047555232,6.8153574610567125,6.2259087656595264,6.31744027064577,6.460404638474853,6.886792692977227
2003-12-01,5.2800223499870516,6.286170684292385,6.122405178992668,5.604906656044141,5.67104248931096,6.3364944372047205,6.000070614878409,5.990233195054596,6.463827023627482
2004-01-01,5.81599580701582,6.316582881788037,5.371004319353896,5.74977870545676,5.806920210270965,6.181801206508678,6.119645176314376,6.365300039224736,6.828703947825581
2004-02-01,5.420900401858681,6.1147081432523525,5.494969486321523,5.749760533120573,6.388465786669348,4.994293936681191,6.501574173966267,5.692337828747302,6.774625081400771
2004-03-01,5.524466412399759,5.7596801804511575,5.9960319119167504,5.164295063037236,6.26799013778402,4.558593387615924,6.4976234084054045,5.952190439659246,6.510423133395942
2004-04-01,5.563859564243471,5.697615172977812,5.768809279957964,4.993986312295504,5.899742384699186,4.838805392837682,6.365041766668942,5.641055567816912,6.208104943586175
2004-05-01,5.674096356476209,5.4708045814150115,5.596694636056856,5.1309865733216204,5.694981388248872,4.973000147865776,6.2554595129737525,5.4361368158575365,5.985203474570791
2004-06-01,5.453860584710815,5.641177267357593,5.258768076726441,5.078673399576113,5.619914889072427,5.244382836958665,6.030456924571968,5.290640168889229,6.316291233237892
2004-07-01,5.5201883558507365,5.6786568498505385,5.719019787533443,5.2943958191366844,5.77365649048499,5.61953984556905,5.926068585533029,5.46496691223,6.39361240890719
2004-08-01,5.807953596666838,5.99651830028195,5.579884640983964,5.533962572446897,5.89928745336269,5.8300528575913635,6.1399478935694685,5.701238154746823,6.541065199940783
2004-09-01,6.058801190978667,6.1979449289154855,5.655940448679629,5.54283306279901,5.832605311445477,6.176853768944657,7.473549068638363,5.749581647831532,6.6061895718448564
2004-10-01,6.200908347429688,6.109518614161898,6.650961519171362,5.676203036528848,5.689857068549968,5.689250742370661,6.2763316352051355,5.7195680672585825,7.114361304867192
2004-11-01,7.007048522668318,5.932431053634963,5.57591442515659,5.50452344651563,5.653524390267347,5.574012208965897,5.97169573060797,6.1580315630996765,7.039793848973719
2004-12-01,7.1670355797028265,5.926113688372295,5.626040070851443,5.364785166620245,5.922823759926993,5.273262533231409,6.861043113143215,6.4313943719461735,7.405132682747444
2005-01-01,5.933548556982324,5.76809424713853,5.750595894892566,5.359579376386859,5.860203241688657,5.195632622137418,7.0550550163847765,6.546370066559036,7.0497699825918385
2005-02-01,5.524794099516535,5.8250888093719,5.035950251452955,5.456563787608378,5.5520260748862045,4.977660219621992,7.133490486850171,5.901317247562934,6.563502469298718
2005-03-01,5.00215880642531,5.751749358302335,4.720724723561365,5.138129843519202,5.147794935444948,4.577764903747875,6.553062706330451,5.507291786699708,6.516478928744313
2005-04-01,4.8428800087033785,5.634830516817619,4.6444585207125755,4.659881895964782,5.002283914745176,4.320594788155811,5.493651628528353,5.434077560199591,6.852400557839041
2005-05-01,4.902358787827696,5.553606200442196,4.446584786279072,4.693018550971797,4.915502344135762,4.3466008825478655,5.623140215439324,5.666256356021463,6.314968014107247
2005-06-01,5.0054155359860735,5.55508847024162,4.694392411341929,4.803821590364441,4.802869565607713,4.467944093608138,6.037453047781904,5.6101106488948895,6.171530222593977
2005-07-01,4.87194171799597,5.778280929228014,5.45775392260477,5.182739246010133,5.378496443956541,5.120814994577142,6.208150353366097,5.695133795842178,6.496580803509886
2005-08-01,5.284449327336088,6.2005892874283655,5.6123998212896415,5.5184056638666,5.626610447075452,5.6304114580766615,6.5848277136095135,5.970876317243106,6.715518300378989
2005-09-01,5.542191447475033,6.229053929253259,5.441586796850302,5.573036955764705,5.857123527693791,5.6822936810008535,6.3613442669917415,6.162170484469483,6.582592961931825
2005-10-01,7.324545566741817,6.319827788185211,5.5512417433722785,5.163929190190314,5.30819967096721,5.254486007106896,5.620245831178948,6.3574938001537165,6.012503202444689
2005-11-01,6.46237389298358,6.297123731058547,6.173200760810679,5.754373590437553,5.98912811675258,5.715887075417037,5.560949085991084,6.14739645055541,5.563542215119779
2005-12-01,6.360455332959398,6.2007685943172275,5.5419655665316165,5.478539757155981,6.1436308310236685,6.204629834257423,5.96525164025533,5.84153106117164,5.868722870425668
2006-01-01,5.925655368153548,6.333943153375131,4.999508402997062,4.666361267572288,5.718280178682946,6.453446709174282,6.088508678624349,5.685961720664087,5.7772343894794
2006-02-01,6.646780145632431,6.045617926390067,5.1910236529801965,4.651332863261257,5.4701982169654215,6.221372585983344,5.930000054589465,5.5863217140958765,5.624546053806631
2006-03-01,6.899991574031635,5.584702682622275,5.058992149011714,4.527216980078431,4.6982351774760645,6.0357468529716645,5.456658084702298,5.430655081466798,5.108036638865235
2006-04-01,6.377216503711487,5.29250937198902,5.415254284935834,4.889590356013328,4.8778338050963725,5.193305678976267,5.495572777914183,5.312730621965584,4.93376846565698
2006-05-01,6.082263712967974,5.176500751402938,5.40218281287315,4.973106611039527,4.9867033696865946,5.008854667665124,5.2522281667212685,5.109787829221137,5.093867062961854
2006-06-01,6.123472000390892,5.528347222650568,5.0382246009122085,4.895918526141665,4.8026436579853415,5.156359961286757,5.411865529745693,5.123590586645174,5.053780358403113
2006-07-01,6.156154088652405,5.7087683782401175,5.418893685577157,4.911370243448463,5.207206881400772,5.724412600127917,5.705539003456845,5.274035330968856,5.312371144979488
2006-08-01,6.168855474387777,5.800909133707831,5.612038304724053,5.316177581704629,5.507699830245048,6.095750696125313,6.116271165420168,5.653316672224648,5.892059800648795
2006-09-01,6.126456370079838,5.721641983047688,6.455189770259861,5.570285955182043,5.59490470581498,5.9140889501566445,6.3215123458977995,5.776969174338473,6.036047415539993
2006-10-01,6.781536917598682,5.761544915948665,6.962372574625976,5.53455423937935,6.2568049735880304,5.7804504654585385,7.306444278339483,5.832937131565923,7.115547268570566
2006-11-01,6.176119797917662,5.97129204765937,6.883578746526369,6.148415877580041,5.763041135603015,5.312817090959905,6.621969729079193,5.779489630749231,6.786203145350633
2006-12-01,5.674236577824581,6.0947198052817635,6.670445826324147,6.596773549865023,4.935311679455117,4.65545248810998,6.449826040859164,6.591109089493654,6.943080142814538
2007-01-01,4.911158595860963,6.33263816042312,6.11314078725654,7.10571574324255,5.3799154069673705,4.7611550934541125,6.069393568620758,6.046852070075637,7.765540480906443
2007-02-01,4.7263177559233895,6.150939488109162,5.828899353210166,6.3194017875364565,5.798989917372702,4.7778363850571886,5.3827374289239565,5.3427045591306115,8.050103882716888
2007-03-01,4.580276584779783,5.978596555169228,6.650622342569697,5.748342531676422,5.567552039496403,4.731494017298738,4.476569560136959,4.75405015146082,8.094678536059714
2007-04-01,4.7811473972088585,5.439339102880421,6.228571156745813,5.35425064886027,5.664125636113512,4.675671443643756,4.407859353938101,4.614278095921287,7.205324080689489
2007-05-01,4.680998010440077,5.185456163894608,6.099137563094362,5.653699249439155,5.581124297170961,4.558484051667702,4.576222951292321,4.904601136292581,7.024894585996391
2007-06-01,4.8255206162622,5.365109946066634,5.920361305197165,5.391538047083262,5.449402801748091,5.0195381249093876,4.980083955071162,5.234004863472251,6.712798957461503
2007-07-01,5.598527357301587,5.652536282793816,6.058391175101496,5.5124301385505685,5.547989429354348,4.8246526743795775,5.214276177258299,5.441567785915097,6.755531519975205
2007-08-01,5.622945106114848,6.076720196013657,6.272681456989987,5.566077366247561,5.951195374578598,5.024253704900285,5.684094134616383,5.730012959988284,6.9858379203374055
2007-09-01,5.726794396415683,6.200346664335657,6.203605887604468,5.91397233908553,5.759780000745889,5.054954884239288,5.739131337650834,5.584335172556938,7.503853974422446
2007-10-01,5.908811050720018,6.187313150715706,5.877042634153418,6.3278613288127845,5.222365105131216,5.223567223807742,5.180177218809959,5.657477056629715,7.441557936313875
2007-11-01,6.579044241022992,6.248914165514966,5.8478955013030856,5.571247957199306,5.495141008916949,6.416211034151274,5.314636115060113,5.638974506067323,6.843283114435959
2007-12-01,7.101122167403053,6.365053099423097,6.3040526257977225,5.5149667194577905,6.099489196981317,6.1635573243516735,5.846621915279897,5.939319163732789,6.552526543489744
2008-01-01,7.146240105474756,6.384284526368848,6.975361923872424,5.930807501213432,6.263967530613344,5.232114194596186,6.226281201955705,6.211921771427712,6.362995316316777
2008-02-01,5.988568733532222,6.007815903384796,7.196795979008126,6.04748659364062,5.4662942918368245,5.358487596754163,7.275034043342378,5.8548706137535405,5.8047910084460925
2008-03-01,5.41802171875427,5.810425912900344,6.843244723301357,5.635922374301207,5.300202870193783,5.428032203366453,7.135340988750597,5.6343747450435115,6.253161210968488
2008-04-01,5.721228171374309,5.3894300183000645,6.616255058272997,5.406308029902894,5.2763877011766125,5.317925495257943,6.8878065641056425,5.027400984947838,6.211866236014524
2008-05-01,5.376797031765367,5.4229784197207245,6.383697453990452,5.052219675602455,5.281364865262969,5.3650922582467615,6.772196068859175,5.166526186833197,6.232691611131086
2008-06-01,5.648584413119306,5.613539194271097,6.277536062260937,5.254901867476543,5.238503406386945,5.2322278023049416,6.457702909055027,5.608082493720183,5.975807778349061
2008-07-01,5.130447982145023,5.85311724847587,6.660447849269817,5.5636088160865365,5.3554535378868255,5.305451378167279,6.5548122568738645,5.5730144517317175,6.12504757369957
2008-08-01,5.5881520244616185,6.011630187600135,6.982608682442843,5.591958907558297,5.715313433186775,5.587490290148613,6.626969504211657,5.458228637097549,6.135571010369471
2008-09-01,5.599307184150361,6.0306268968551695,7.009723560520926,6.30151415905376,5.662617563565707,5.7383461802842675,6.290557925657902,5.716077890256406,6.241300817076253
2008-10-01,5.582672955307426,6.168867650892277,6.673669044067642,6.306288824373479,6.267884753918978,5.169854880273528,5.6033940324557605,6.065108985549475,6.339190825938955
2008-11-01,5.312653663512408,6.123765665332978,7.11273523777949,5.811169678340713,6.758393249739145,5.145592437795787,5.593293003861112,5.7460501516150435,5.966575583818013
2008-12-01,5.538249351276429,6.055900995474005,6.660095157751617,5.775517029300894,6.2150967400352215,5.618951502028779,5.675135035764468,6.498290063870531,5.751020040291463
2009-01-01,6.9211050003701935,6.0018235356026475,5.731341161016427,6.2728269467229065,5.638932957104224,5.256054859531886,6.085650257137287,6.534710382144098,5.61782168373343
2009-02-01,7.243996861651452,5.897892427751818,5.637247991427518,6.261067995303285,5.568843149521456,5.627305426066412,6.528252078383429,6.351337530965747,5.503963392540129
2009-03-01,6.389931837642336,5.650242449772327,5.263973171935012,6.215206643025048,5.437148506400704,5.899735182093577,6.535191437548424,6.311818859527312,5.159388425830791
2009-04-01,6.362598799529426,5.4908373180244725,5.7923487463872565,5.842311547002377,4.67960470008925,5.966968753031128,5.911678682902736,6.003011405554272,4.824809955475466
2009-05-01,6.4702211157651615,5.521103920907582,5.782656154736525,5.655522891515306,4.463832690374881,5.649604433830977,5.403598493974859,5.776950677465397,4.783460761711503
2009-06-01,6.838643095155237,5.500553134097697,5.2413890312390725,6.012515522179352,4.391943486766383,5.260096453049669,5.77900657327758,5.586407606743057,5.07578764011975
2009-07-01,6.970227788412943,5.5660190042618,5.645634811192888,6.3263866233840105,4.82057786984295,5.361677035017056,6.221397429428171,5.825981272520287,5.19740454554979
2009-08-01,7.214969072844894,5.734697871882322,5.874405081767512,6.346257968711157,5.245460091361979,5.59317805402941,6.60587215060384,6.162301160177744,5.524709051144171
2009-09-01,6.9496597492042245,5.936647246020068,5.864928121445417,6.263490620660088,5.186431417299644,5.749985624835827,6.283560744277443,5.974100653907202,5.610355272569496
2009-10-01,6.596380167315158,5.794202241306017,5.767781137974597,5.76452941324587,4.742981507844969,5.853689039390803,7.392976773332419,6.000376494355492,5.624301410187874
2009-11-01,6.2234092540437285,6.054160254838058,6.483813857528919,6.164669435437496,4.8994035526941415,5.4063214271330615,6.6861912096625495,5.691949171515639,6.254264888378892
2009-12-01,6.665784234528128,5.881543729090117,6.820009164810267,5.671463382090876,4.6023902782842825,5.624330376013164,6.858659461834471,5.7206123803264015,6.529724605438167
2010-01-01,7.0641589947192145,5.888666806740643,6.483704566281233,5.423189040078767,5.6403498333532776,5.275375987521835,6.988868136688203,5.5312451689137125,6.121078130342265
2010-02-01,6.648507945763956,5.881759089553023,5.606930252549933,5.941981585950245,5.581436812436856,4.6386223380296965,6.406101252007482,5.405805719196004,5.36682598245099
2010-03-01,6.337533801332903,5.361811352110059,4.718121060482591,6.061650561058627,5.0162001095839255,4.493772724378242,5.916967089039799,5.426663259100237,5.168462654156599
2010-04-01,6.367759271080885,5.504500314736034,4.722979714726723,6.085721600620003,4.80819736744454,4.779059631031736,5.978202008732902,5.441240981575774,5.031701374540308
2010-05-01,6.036445747784308,5.579783950502163,5.056231402866688,6.183716210066263,4.567088978022759,4.3735760912263055,5.938047539290973,4.946015444862186,4.734629498383805
2010-06-01,6.196599918722237,5.736609735846827,5.109997523786928,6.9550607036699805,4.59279187002421,4.6614660091800335,5.894248869350095,4.977737024717117,5.0379542366009495
2010-07-01,6.303703479338827,6.1153579229529935,5.484700959047176,7.44170538095278,5.0400786755807845,4.877880430280946,6.014015666848128,5.264045952646992,5.439829458587068
2010-08-01,6.5691514027373605,6.450096759971678,5.948350691759336,7.472219945341902,5.6020035474447285,5.656661616570357,6.231985659151813,5.5233424546546335,5.9052524310731105
2010-09-01,6.503311244348804,6.278661038400174,5.964472215118373,7.49603825378276,5.693245519042008,6.111308844056627,6.045042740537003,5.747599060419133,5.9677774160867765
2010-10-01,6.359216005344052,5.9491536981318225,5.953169707108527,7.3065597230225725,5.124689641837449,5.955040783646335,5.858596497806523,5.939335657230156,5.7098897915670195
2010-11-01,5.651413372945639,5.942461482346822,6.100225336055208,6.857288068829725,5.458706573335786,6.502769570361591,5.9956688656707025,6.083751953423232,6.062731231832448
2010-12-01,5.379482369303073,5.929490552808847,6.8130069100898005,6.88809472703411,6.221937919150013,5.842645594657965,5.7587517240718675,6.030235373281528,6.146388609161616
2011-01-01,5.095904867663697,5.8547399323163125,6.985111604434723,6.601613886378972,6.842958398650575,5.548640180177512,5.6164613285652925,5.666666053404563,5.188022337070416
2011-02-01,5.415898017024708,5.570483873248304,6.68028947127355,5.555108682136881,5.992882891187296,5.707315524872867,5.715750043679893,5.900907224153736,4.92294445226849
2011-03-01,4.7539276341411485,5.3767155204846295,6.384766683067162,6.217266229021642,4.977131974539059,5.468896173347948,6.471760218973016,5.9174280289874766,4.492423402764334
2011-04-01,4.00385555689538,5.488615346125133,5.960656715321406,6.043795369361089,4.835294983834002,5.44392367363583,6.205378659959209,5.602552274106468,4.461654630749454
2011-05-01,4.564340632291663,5.7569604816568445,5.8484984255524495,6.081970184019741,5.307490838305529,5.45361929670336,6.045012792304634,5.4544897856230055,4.4870020118923355
2011-06-01,4.4009017479096055,5.5252668331009325,6.105347846178267,6.279209021472749,5.139627244322677,5.157382343698675,5.58295559724134,5.2876917493028905,4.635568958282669
2011-07-01,4.8633380320521935,5.558957140535323,6.390747943454912,6.5830466273334896,5.299678178890404,5.3247980156871835,5.739548273874616,5.5827962164600775,5.06174321660161
2011-08-01,5.411266465351135,5.861673609977826,6.522036285176728,6.915155096960001,5.617269864820484,5.675022720843617,6.120810723262446,6.063914585002147,5.52397615056311
2011-09-01,5.491123655510484,6.186204692511371,6.726276903149179,6.705764652353563,5.676354095548454,5.834704554877838,5.913354461550024,5.950163731455723,5.736182837461263
2011-10-01,5.5902002675623415,6.031722822101834,6.378626887805086,6.526222548133433,5.1841750504946775,5.6121249526223655,5.866072171407741,5.8606198948074555,5.297870673183947
2011-11-01,5.270459883653562,5.821241368260055,6.323227920954065,6.4428335345917525,5.423725380033864,5.906075879387117,5.358593557038675,6.235799518578254,5.459533971799298
2011-12-01,5.250687199036406,5.748587845327629,5.642941372289785,5.632250897909411,6.879964519480669,5.950706257675259,5.737630777400187,6.384834746219339,5.770373320695368
2012-01-01,5.625095069607845,5.68849097220039,5.824499579377191,5.07805619458942,6.194892082799728,5.987815944064282,6.249415811416537,6.180084520513803,6.334958062315403
2012-02-01,5.559239551989016,5.614025429467505,6.3766116342200085,5.528368579817744,6.647781576771853,5.764879145255161,6.631603917874159,5.913430772093574,6.7553840490417025
2012-03-01,5.202560689162278,5.719146292488258,5.909710131093713,4.7956845315210055,6.836849582060027,4.8232839345007585,5.835167194366871,5.361345756691367,6.7411334504489036
2012-04-01,5.355951019670067,5.618124267861719,5.378030404323415,5.131168278438183,6.3697375426685,5.025267278426544,5.786202198481822,5.52636632135607,7.02232146258272
2012-05-01,5.275162852247789,5.401161004299508,5.2033380288372575,5.412243506051273,6.3621596195344425,4.549119274400391,5.672660151102878,5.575720642446168,7.034579027422408
2012-06-01,5.055985048061421,5.349424962331395,5.169884167085064,5.405831913728735,6.1355785707274215,4.626676413486602,5.901507885916277,5.46224804191334,6.331075031973018
2012-07-01,5.267112872368476,5.636270519100147,5.5571986071887505,5.6883134578789525,6.450305177065524,5.294999075354518,6.181524534471133,5.64975661995064,6.422732757163501
2012-08-01,5.5327582372230415,6.041533847498799,5.605650683245214,5.844315500728383,6.655935765681753,5.682196781940036,6.4275390104707775,6.310992260292157,6.441099725169249
2012-09-01,5.5576808482487925,6.2284489426663425,5.683380321485893,5.705896201115586,7.270972910769466,5.819211541935787,6.599256500754535,6.587226223659209,6.558294375406706
2012-10-01,5.534212558378665,6.499884371575228,5.041673475760783,5.665283791912178,6.378303402028111,5.287429892134528,5.78651112667899,7.015972563474401,6.475764461436601
2012-11-01,5.381088629755457,6.696787801980016,5.97311869017385,6.241192162015972,6.335889143350501,5.286441765555617,6.400517456756468,6.9439481115089325,6.171166207704596
2012-12-01,5.646891106603367,6.572607373354738,6.434643617417206,6.416055083184084,6.081127919930282,6.02864974195382,5.808256303081006,6.116243489600867,5.303902760921219
2013-01-01,6.161284475061268,5.868306869784018,6.523593496898288,7.037145279506128,6.358602865344769,5.937649308325748,6.075631441904763,6.035816959782047,5.049730866642425
2013-02-01,5.888698104308041,5.7042586930607975,6.091281553692938,6.353276630361237,6.326958622872362,5.3876751964978284,6.181290838728168,6.117250804408022,5.249800283565015
2013-03-01,5.391907985118271,5.5330673509301365,5.7661855772396695,6.476037515557781,6.421138568981035,5.672743509341197,5.698693852089143,5.950367036635265,4.914036007560996
2013-04-01,5.4578968526588465,5.622326918537227,5.357412219843802,6.008844826645669,6.511169854000695,5.129706900030132,5.253290016633212,5.670740730528751,4.549961286055102
2013-05-01,5.382508486460055,5.559664015876478,5.316066583748233,5.682904810419773,6.268026151718448,5.357600583249228,5.546268520677581,5.618012223337685,4.5026451229809155
2013-06-01,5.6372122413547245,5.834614098738742,5.016291297547184,5.846782857901293,6.121592325582715,4.832563000870883,5.824443201436106,5.7469313861098,4.616871863376909
2013-07-01,6.088316498597965,5.876284303932184,5.513748272565116,6.3202966241205285,6.3433317668749245,4.9919350947143855,6.009477320429587,5.930019241421776,5.091755934764519
2013-08-01,6.269364143387206,6.271828843825662,5.860086393765494,6.644550439741813,6.331875987260088,5.467559887963282,6.5204253780456325,6.197638009756831,5.45209411272652
2013-09-01,6.290680681339213,6.190414094010989,5.979112526162893,6.604184992589719,6.310521289457101,5.715452801676728,6.599803177709023,6.174435382937768,5.596882343127422
2013-10-01,5.843430476669682,6.367988651593832,5.599547267031734,6.528539785686616,5.573701085822224,5.592113965714092,5.91800847970015,6.2474558248506,6.247467844056083
2013-11-01,5.5492784464968254,6.422027881139995,5.7015356812959945,6.386647079643444,5.654626242866992,5.51886862004219,5.890064634312781,6.42826643651968,5.272424609838666
2013-12-01,6.413562501801318,6.632958690297945,6.070655971159088,6.253863739334625,7.130417841585225,5.646742296859982,5.699370689736923,6.295996163185603,5.18929431827002
2014-01-01,5.439098596745279,6.05684564748871,5.790097728339293,6.400821489105304,7.155034061376905,6.10707940351995,5.708421752475005,6.0559948096599925,5.77100680810805
2014-02-01,4.946521904608419,5.436806717987935,5.847930832235306,6.492761802844447,7.119774251789073,6.164515126168571,6.086324210298005,5.870206625634201,5.643038177055153
2014-03-01,5.1755730322648885,5.345109318429219,5.952442929510047,6.620834739749062,7.139490386455264,6.8409462772629,6.193712011809383,5.310464883656948,4.903633964075769
2014-04-01,5.289300083574466,5.380895073172103,5.807421678062422,6.747786375763033,7.182264823727111,6.760468332047213,6.284560742275798,5.132206287131582,4.784245647822365
2014-05-01,5.029316127408686,5.494386937124075,5.517129317687412,6.3174991542439125,6.8603825877623725,6.23181362873154,5.694358573469232,4.9677019575366534,4.790623128968053
2014-06-01,5.003232390641867,5.39611384750167,5.278183148292337,6.232011634551956,6.8573110841688045,5.876972113529567,5.799517720163323,5.279579791483909,4.984423154152756
2014-07-01,5.224241078976419,5.633649384878237,5.541196528049506,6.498956964841717,6.871931981348988,6.125584859781124,6.022141485407477,5.508617009780703,5.399802002696962
2014-08-01,5.505628093974545,5.570666094054786,5.69747584727297,6.652745530187612,6.946473750214026,6.329454793972013,6.2908601155927535,5.7736364922716525,5.701163284970438
2014-09-01,5.734207280056316,5.641425036282687,5.655218019421,6.347908917050715,6.960501785621281,6.181261421436582,6.322128460428798,6.049456749216763,5.541323182643289
2014-10-01,5.667372323942616,5.595103707808782,5.1806535456208636,5.6050492450968,6.7574313067342615,5.61550233498567,7.791589914220528,5.906936679391041,5.485046706197301
2014-11-01,6.759602115446056,5.5767725277057565,5.683228122008143,6.1717776440330985,6.770288161514353,5.899303347253518,6.407621353490359,5.325865425928441,5.706279000013357
2014-12-01,6.7142474291069565,5.612912208401312,5.596480888823893,6.504033514705712,5.187215962856182,7.070635777787423,6.290909834876176,5.678996299694165,5.752446749819633
2015-01-01,6.6831263488593455,5.4780740539094746,5.583731044932377,6.402734290609188,5.589917617526318,6.919830550682273,6.414342512959832,5.5467516561793095,5.731410177867621
2015-02-01,6.000120201203961,5.367062954172856,5.738673018316237,6.7597685407253,6.191139399460236,6.409291492755848,6.1687053872464634,4.511451786045479,5.923433055521697
2015-03-01,5.7967335010397925,5.312952498801379,5.921828672324697,6.350455387027044,6.321335866242722,6.176091139066076,5.799989106719124,4.353716343586407,6.534603122361917
2015-04-01,5.485401675544872,5.146281251841161,5.758308997557446,6.013187799076438,6.268159712990421,6.251556203890946,5.7269502994875525,4.399098011086976,6.499150759204577
2015-05-01,5.107820851654505,5.063764971561586,5.250133163435433,5.760079291130866,5.875287829707043,6.283890878816131,5.640602246646145,4.394796588189614,6.150059513381016
2015-06-01,4.974856722437808,5.180440240788384,5.125948116151438,5.747089253346112,6.05880951025194,5.950071550552599,5.449329480139487,4.626872102468591,6.074388762273329
2015-07-01,5.168899427311458,5.200410692094174,5.5026147693016165,5.9940195034900485,5.907876453226975,6.1417909591655775,5.486606492833968,4.980322046260099,6.051499513853933
2015-08-01,5.5535637329141245,5.7350418526874565,5.963432356865737,6.2178735170164785,6.015399112995793,6.122950590003574,5.963769169548522,5.287904249811842,6.2030279464349825
2015-09-01,5.766699757411766,5.685012638834376,5.989197833804389,6.4887120047201154,6.130054260857163,5.943030993773768,6.173391841356291,5.637366192876935,6.2650320678521325
2015-10-01,5.584352933889358,5.835602333677487,6.520409327322852,7.03632990098704,6.4873621847618415,5.673635437904571,7.286829343712407,6.16865102110443,5.688628151334536
2015-11-01,7.494218392464294,5.5722394526407175,6.390061328139107,6.7645951389495504,6.964062424398308,6.090954699765643,6.9966750528393975,5.326677146351861,6.668214534698953
2015-12-01,6.784276907390968,5.4617638515180165,6.799733171618447,6.791952515176741,6.4180280963796665,6.195234278261645,6.215099436301228,5.45390435850995,6.678934030413643
2016-01-01,6.559198868126048,5.489658948020361,6.839769390958287,6.232234298274458,6.760524018314987,6.780325025009576,6.254756472061563,5.4645440480976735,5.707309293692175
2016-02-01,5.806148533645498,5.2549900645620795,6.393645032554378,6.002296741898034,6.14299314522067,6.3377603847447554,5.7481785481195224,5.215774750808249,5.3078410955111845
2016-03-01,5.4522901510139645,5.123478595244691,5.8057186365277955,5.096086934141201,4.8530122236787285,5.168672173278497,5.568695691525386,4.77725720428688,5.210965478661632
2016-04-01,5.8462636830080426,4.967054918224389,6.053555345805799,4.959147366603643,4.418764794670098,4.647437342258254,5.834976883885036,4.553851676361173,5.135007963962741
2016-05-01,5.993434976937042,5.0723227374469975,6.138235320402495,4.966506909423617,4.452654475756149,4.580420199596388,6.2202589076687085,4.5860045358851975,5.3927609787214585
2016-06-01,5.9581397089814185,5.096146960059126,5.894038267123839,5.029494382166207,5.083556856160727,4.879294942661053,5.697011332922406,4.672986351028659,5.417576543747938
2016-07-01,5.959282890861973,5.341033608959603,5.992591722361608,5.237117255276266,5.46301811896787,5.646146672882563,5.8589388143456524,5.149821571695117,5.756895133573787
2016-08-01,6.349921813311332,5.646522773529056,6.259111543772281,5.908950481591297,5.735138007986145,5.7958558844759285,6.143484374923848,5.225636541852205,6.290772342427093
2016-09-01,6.132013196196198,5.870664569726869,6.235150169652267,5.853478118060442,5.802632000141728,5.971604889214954,6.19884299180228,5.3362790945083765,6.325523553138308
2016-10-01,5.593856128066436,5.979472763814168,5.295386580240828,6.445920243252328,5.619921718746122,7.177963002469473,5.899405631908808,5.866975723007065,6.2064630649643036
2016-11-01,5.019639915458608,5.881156792459683,5.373385499623836,6.812797139991669,5.477902634996513,7.324050598641838,6.214611097868216,5.324045006443098,5.754993344579109
2016-12-01,6.302579845252124,5.7937382381325495,6.3799492947670124,6.5110207872935,5.660500836830129,7.110664501900855,6.036173444838061,5.6219255388733425,6.567378855087184
2017-01-01,6.536420762883568,5.850941461743469,6.833879817644467,6.094611983246808,6.040351410851174,6.746879046121747,5.551109284219674,5.927395333818816,6.603477557981375
2017-02-01,6.325626560579921,5.488918391269891,7.093384786938176,6.21993694926477,5.638002119437049,6.647996126424348,4.881440279262776,6.2454673030279455,6.359734401603259
2017-03-01,6.188326007463143,5.6992640347705565,6.347166018975451,6.285677967739488,5.568450895924535,6.706161869777192,5.222463561453259,6.211679477903108,6.118265003384467
2017-04-01,6.172687896551253,5.414929980695539,5.73611878504551,6.011405324063988,4.749662577536405,6.819738967736125,4.973004958596934,6.165620126542492,5.923311690726463
2017-05-01,5.9918444615358455,5.4158171408216,5.592338215098815,5.920327966444463,4.754614461908687,6.689024141064548,4.8805369595502155,5.766396745199405,5.760261048225166
2017-06-01,6.087698926172723,5.34192283242402,6.0298462069501095,5.964909714830395,4.9444708296451285,6.9168644185457016,5.089494419762293,5.6422542029646685,5.568945381251757
2017-07-01,6.3328443319188885,5.4827132330000055,6.059625873584228,6.270779510983138,5.266749322816857,6.872746586793108,5.29170048805921,6.221180906062725,6.109916676783586
2017-08-01,6.371831330017331,5.727510015690912,6.359886868063465,6.743001227976978,5.669594945126383,6.93895562464913,5.617513951429412,6.426562528646048,6.3394780733173475
2017-09-01,6.152258845666001,5.755821476797701,6.440779754308242,6.728281837511632,5.855876459351068,6.696740548134443,5.536709237771101,6.01251554965645,7.0575371913019005
2017-10-01,5.680960289405345,5.69089856893978,5.867221153576003,6.261402608173295,5.22387920821396,6.6393617779527725,5.1453861431065855,6.242978994082372,6.803143308928717
2017-11-01,5.298559114826576,5.824771674643848,5.8089456203396495,6.522805262625576,5.214402610020674,6.343837571503714,6.186525478572825,5.737597945564525,6.933883582934734
2017-12-01,5.191518739302142,5.734773963648761,5.681685342431179,6.130017779375421,5.648566903053628,6.157035274192616,6.142368494748182,5.672205128326633,6.200735579713683
2018-01-01,5.491076156416897,5.687866044945243,5.5399569612166975,6.141570737293893,5.258486925945632,6.5905016635687375,6.403145788262379,5.99661753565895,5.471929328617627
2018-02-01,5.9344319305934095,5.543822255532402,5.709294249888095,6.317764395749266,5.0373409381745535,6.891647475517639,5.406257815255951,5.751780678934952,5.355065415596968
2018-03-01,5.0696640517463685,5.411560312618216,5.323579369320727,6.285290687609622,5.149430188379212,6.291670822605858,4.889871738014162,5.610089628480258,4.951679449617978
2018-04-01,5.196814486211934,5.455016053380216,4.927369972645452,6.141390432148105,5.173276004110658,6.199902435544226,4.844879973378683,5.319629584558268,4.616278323772534
2018-05-01,5.039221099053481,5.160751151507278,4.882882253005348,6.280316610749125,5.017638495979954,6.280739731973541,4.981715594016972,5.496681921484621,4.570663147453638
2018-06-01,5.616719113915759,5.132489304417857,4.805203056971314,6.3380043057644775,5.003757299905795,6.336901620012736,5.368787438714532,5.315871732454157,4.9196876445753315
2018-07-01,5.869336465514469,5.16553931961297,5.301745644913572,6.654677045930513,5.360883845841356,6.334081744375613,5.834514795973813,5.431106858804219,5.352525076904637
2018-08-01,5.749448177320881,5.498173027992232,5.614871416266851,6.725036934608445,5.6412483502887305,6.385284219127388,5.991017712099772,5.757199858251358,5.552989386071781
2018-09-01,5.794020942278108,5.656065274667287,5.873662146974122,6.765673361567875,5.718528718609705,6.857291295915152,6.067304654267244,6.356104858415938,5.636301478068953
2018-10-01,6.2567704310384835,5.760630217370571,7.4155752978078615,6.898953090732652,5.258629720777061,6.933016956812597,6.460176271780669,6.435737198502201,5.620367353356224
2018-11-01,6.668193777349929,5.6282727682701434,5.831441526064353,6.5072741223225625,5.45486959812397,6.3662766217532525,5.759288624416733,6.524338132150017,5.642389527956697
2018-12-01,6.400453945448091,5.744755927010317,5.172015177182316,5.757586154996577,5.689065945281503,6.338579680594329,5.793630780959482,6.140984127611949,5.520323194763192
2019-01-01,6.594500249351847,5.7383629979535815,4.64101691336355,5.482423982575065,5.656889921004886,5.874447810637587,5.6031019297033415,6.326565984385211,5.524100899968694
2019-02-01,5.534771784582134,5.499243322779564,3.751718182179583,5.822478991664183,5.778487505534844,5.580365561451867,5.61491855146758,6.255861301110232,5.929533536474272
2019-03-01,4.434465482571059,5.3039916553168585,3.649560319552621,5.5085727887638045,5.906633319246388,5.2831592856937535,5.82487245170495,5.6860960842798045,6.520453814443146
2019-04-01,4.037817752282109,5.031435495576077,3.9797306896988034,5.278361781346148,5.677893089036927,5.101274480871535,5.149043956276713,5.369280220305713,6.207546255181756
2019-05-01,4.070344992337784,5.035377284101763,4.045845855065522,5.1180242871669135,5.746617873820032,4.944682189086324,5.221690666200511,5.301618657030408,5.947654735608477
2019-06-01,4.227469838641926,5.216205693405941,4.168317948698244,5.254808031346354,5.4277549508499146,4.9719116721159216,5.518084064240667,5.476823724604016,5.708511411430985
2019-07-01,4.617411626086535,5.462543155844233,4.751090709888649,5.36796749131459,5.512615909597128,5.340288707058232,5.907642991053259,5.751386561068841,5.991514320941804
2019-08-01,5.0502005413583735,5.8941269939293965,5.119008717584335,5.606211392449195,5.85866739458705,5.708633295756228,6.1369518661510405,6.004205907520641,6.162478265738053
2019-09-01,5.486212617391504,5.9766050433450575,6.0157848776294145,5.736632846489451,5.765052513443138,5.802820073307272,6.205270352322823,5.725318093577704,6.172539700823211
2019-10-01,8.273787243802866,6.2282298370184686,5.609871330940874,5.327922507777286,5.301644203303333,5.521685802024566,6.854212107625115,5.731793122816085,5.603654669834302
2019-11-01,7.630504833959828,6.502986123914837,7.10176462828807,5.806529321229652,6.102065492388114,5.6632568343684495,6.668080676367578,6.603379999899053,5.473137552219661
2019-12-01,7.570550418376558,6.40020406568974,7.263016635203872,6.153974250017481,6.347215587768352,6.853747300134022,6.919539486668472,7.2642253064487665,4.964845770786115
2020-01-01,7.323291296277661,6.6143003379782375,7.209724597625918,6.081529160569159,6.457036557264553,7.144526452783508,6.61316154558088,7.321906107207612,5.314857715125407
2020-02-01,6.362584767232567,6.113154442007704,6.071453888584324,5.6543584859808735,5.480283084368286,7.177835745603378,7.264277649720206,6.712606342839446,5.567411510899374
2020-03-01,6.016204952380563,5.449490384630492,4.768713496934174,5.396900334518706,5.148628229447313,7.308842367692808,7.450053061423778,6.5254073234521615,5.407401222927136
2020-04-01,6.3202323771715045,5.324253966873897,4.7599307257934615,5.008990492057338,4.666666181610222,6.908611088175924,6.3574317206133095,6.114418403580798,5.514397428310909
2020-05-01,6.129217226057457,5.27533825203639,4.8193487522156,5.287655770728977,4.698566306196348,6.591847589887962,6.0853512293427325,5.6674248948755785,5.500173552576088
2020-06-01,6.008323978432384,5.2725680861538,5.0453137058113855,5.506872484353711,4.830658427952171,6.422119005012328,6.247384692176308,5.296767962609987,6.633288026998057
2020-07-01,5.827437499323603,5.467982263670755,5.433494479966528,5.959888129161829,5.143611879436274,6.553194196536405,6.494241176569233,5.4861414890721605,5.399195792007629
2020-08-01,5.8403270140773405,5.758956690413443,5.741859949991975,5.947078307359116,5.537984780018867,6.92511134546892,6.723656965029832,5.8772434013353685,5.463902959189552
2020-09-01,5.7930612595975814,5.815199556578086,5.702399110127957,5.6115570357673255,5.562390338557241,6.876033110054264,6.739292471649715,5.901631803599216,5.507775908759511
2020-10-01,5.73745708174274,5.878054077333431,5.349627815242706,6.528640409292112,5.252678019666992,6.427455645431907,6.947077881763833,5.847839376737175,5.291335687591779
2020-11-01,6.239425212918365,6.017453050221302,5.287197034244911,6.410194562049849,6.008012854915688,5.718841026781265,6.305351991125607,5.821299743370608,5.6063919378154345
2020-12-01,4.837096843463353,5.603163546833434,6.051309780471716,5.684234024210602,5.692654862283069,6.283640658510655,6.221877305706013,6.46137517224262,5.7216202365876585
