,UKESM1-0-LL-r1i1p1f2,UKESM1-0-LL-r2i1p1f2,ACCESS-ESM1-5-r1i1p1f1,IPSL-CM6A-LR-r1i1p1f1,CanESM5-r1i1p1f1,UKESM1-0-LL-r3i1p1f2
1993-01-01,0.3900817275679659,0.4159319332153255,0.5532111974170592,0.3812197428792802,0.3812197428792802,0.4124725536216731
1993-02-01,0.41355926029697465,0.429320534569404,0.5766887301460679,0.40469727560828894,0.40469727560828894,0.4359500863506819
1993-03-01,0.4252526739759431,0.4375974296676115,0.5883821438250363,0.4163906892872574,0.4163906892872574,0.43203633848174605
1993-04-01,0.4183671317388925,0.4410726238560169,0.5903585862766715,0.4183671317388925,0.4183671317388925,0.42728793103015605
1993-05-01,0.4321889505357842,0.4257532074677055,0.5851789483606123,0.4131874938228334,0.4131874938228334,0.41908596803309195
1993-06-01,0.40400210576169227,0.4119295877400074,0.5671315756107855,0.39514012107300656,0.39514012107300656,0.46388131647736985
1993-07-01,0.37790867434269215,0.4093303502279858,0.5410381441917855,0.3690466896540064,0.3690466896540064,0.6748716052386803
1993-08-01,0.3459360997757932,0.3596603767289662,0.5090655696248865,0.33707411508710755,0.33707411508710755,0.7274085723147384
1993-09-01,0.33250192257074784,0.35610684603934795,0.4956313924198411,0.3236399378820621,0.3236399378820621,0.9687718013120898
1993-10-01,0.3188071363218289,0.3287762326389461,0.4819366061709223,0.3099451516331433,0.3099451516331433,0.6762890868458267
1993-11-01,0.31490164966806344,0.3348788877754959,0.4861594272972624,0.3141679727594834,0.3141679727594834,0.34062677093839566
1993-12-01,0.35073038064782003,0.3716618767926573,0.5138598504969133,0.3418683959591343,0.3418683959591343,0.39518551644130956
1994-01-01,0.3849888744505431,0.4617163287974214,0.4972312265157961,0.3812197428792802,0.3972693355659188,0.41618662237668314
1994-02-01,0.4084664071795519,0.4172383082033924,0.5207087592448049,0.40469727560828894,0.4207468682949276,0.4396641551056919
1994-03-01,0.4201598208585203,0.4838471946103772,0.5324021729237733,0.4163906892872574,0.4324402819738961,0.45135756878466027
1994-04-01,0.4221362633101554,0.4869065694031015,0.5945430351589849,0.4183671317388925,0.4344167244255312,0.45333401123629535
1994-05-01,0.4169566253940963,0.4513518826167709,0.602839100172841,0.4131874938228334,0.42923708650947207,0.44815437332023633
1994-06-01,0.3989092526442695,0.4699711225178274,0.5758095866019302,0.39514012107300656,0.4111897137596452,0.43010700057040946
1994-07-01,0.4926804421905376,0.4252324323303796,0.4720669420080027,0.3690466896540064,0.3850962823406451,0.40401356915140935
1994-08-01,0.661198106718314,0.4064014078993847,0.4743984921389683,0.33707411508710755,0.3531237077737462,0.37204099458451045
1994-09-01,0.8552428727985909,0.3465030026747065,0.4275468351710959,0.3236399378820621,0.3396895305687008,0.3586068173794651
1994-10-01,0.3474440435004853,0.33537329640367763,0.3999636179716425,0.3099451516331433,0.3259947443197819,0.34491203113054614
1994-11-01,0.3141679727594834,0.3828203172774799,0.4330863849550624,0.3141679727594834,0.33021756544612196,0.3584779175880084
1994-12-01,0.3418683959591343,0.3739388287376358,0.4284716173698174,0.3418683959591343,0.35791798864577296,0.3768352754565372
1995-01-01,0.3891461117743769,0.5035674905934052,0.5319047352293542,0.3812197428792802,0.3812197428792802,0.4035273033236637
1995-02-01,0.4149655685408694,0.4384527883914007,0.5139351400458272,0.4076041677536249,0.41326571418548,0.43419911925692084
1995-03-01,0.4403587954152688,0.4634820978362042,0.5256285537247956,0.4192975814325933,0.4382823592047777,0.43869824973164084
1995-04-01,0.4324589048040692,0.4849592353737961,0.5276049961764306,0.4212740238842284,0.4183671317388925,0.44067469218327593
1995-05-01,0.4440226407252694,0.5527600538078903,0.5224253582603715,0.4160943859681693,0.4131874938228334,0.4493746186153841
1995-06-01,0.4187154429101605,0.4644886696912304,0.5043779855105448,0.3980470132183425,0.39514012107300656,0.4375969119132564
1995-07-01,0.4146426320821052,0.4726346322496414,0.4782845540915446,0.3719535817993424,0.3690466896540064,0.3913542500983899
1995-08-01,0.4086011432270709,0.4027628435947631,0.44631197952464574,0.3399810072324435,0.33707411508710755,0.35938167553149103
1995-09-01,0.3947534411478308,0.36786553946489614,0.4328778023196004,0.3265468300273981,0.3236399378820621,0.34594749832644567
1995-10-01,0.3616302039673929,0.3698009896057307,0.4191830160706815,0.3128520437784792,0.3099451516331433,0.4591259632703692
1995-11-01,0.4569061867385635,0.3796720301930961,0.4234058371970215,0.3170748649048193,0.3141679727594834,0.3861889877921778
1995-12-01,0.3418683959591343,0.37739811492298403,0.4511062603966725,0.3447752881044702,0.3418683959591343,0.3641759564035178
1996-01-01,0.4124770703841508,0.4883118409346786,0.5193427802390868,0.3812197428792802,0.3904283470094104,0.3970582224428607
1996-02-01,0.4239520672177752,0.5496832691394069,0.5428203129680955,0.40469727560828894,0.4139058797384192,0.4205357551718695
1996-03-01,0.4656823714624072,0.5423395505431013,0.5545137266470639,0.4163906892872574,0.4255992934173877,0.43222916885083784
1996-04-01,0.4273249362071353,0.5165912872841341,0.556490169098699,0.4183671317388925,0.4275757358690227,0.4342056113024729
1996-05-01,0.4542802320116307,0.5173411782803988,0.5513105311826401,0.4131874938228334,0.4223960979529636,0.43681027890614377
1996-06-01,0.4362328592618039,0.5111149425730973,0.533263158432813,0.39514012107300656,0.4043487252031368,0.4205726434689091
1996-07-01,0.41013942784280377,0.4966061538462427,0.5071697270138129,0.3690466896540064,0.3782552937841367,0.4078070668735059
1996-08-01,0.3781668532759049,0.4542232092532758,0.5029743395589872,0.344157730190476,0.3462827192172377,0.3530686096190837
1996-09-01,0.36473267607085946,0.467671227968536,0.5194329409465204,0.3236399378820621,0.3328485420121924,0.34991318243867
1996-10-01,0.3510378898219406,0.5889883785400631,0.4705786776033615,0.3263159217810952,0.3191537557632735,0.35119880701381984
1996-11-01,0.3552607109482807,0.339526638345001,0.4522910101192899,0.3141679727594834,0.3233765768896136,0.34759360883173135
1996-12-01,0.3829611341479317,0.3791089685286471,0.5101417108576842,0.3418683959591343,0.35107700008926457,0.3577068755227148
1997-01-01,0.3812197428792802,0.4083781797636648,0.5473673031647268,0.3881823561330898,0.3967032764878642,0.4044820189749385
1997-02-01,0.40469727560828894,0.40469727560828894,0.5708448358937357,0.4116598888620986,0.42018080921687295,0.4279595517039473
1997-03-01,0.4163906892872574,0.4163906892872574,0.5825382495727041,0.4233533025410671,0.4318742228958413,0.43965296538291576
1997-04-01,0.4207914996474412,0.4361866342079572,0.5845146920243391,0.42532974499270215,0.4338506653474764,0.4183671317388925
1997-05-01,0.426618194746187,0.4131874938228334,0.57933505410828,0.4131874938228334,0.4286710274314174,0.4131874938228334
1997-06-01,0.4297133566579433,0.41395254023863226,0.5612876813584532,0.39514012107300656,0.4106236546815905,0.39514012107300656
1997-07-01,0.38278940898060176,0.4280867200979507,0.5351942499394531,0.3690466896540064,0.3845302232625904,0.37440376708449724
1997-08-01,0.3508168344137029,0.4929924250362442,0.5032216753725542,0.33707411508710755,0.3525576486956915,0.4378995245621756
1997-09-01,0.33738265720865745,0.5708344386992538,0.4897874981675088,0.33517421002238285,0.3391234714906461,0.484914125469025
1997-10-01,0.3236878709597386,0.5151438099387078,0.4760927119185899,0.3099451516331433,0.3254286852417272,0.6986922227367203
1997-11-01,0.3279106920860787,0.3785319778959575,0.48031553304493,0.3141679727594834,0.3296515063680673,0.34809113901578514
1997-12-01,0.35561111528572964,0.3738262256036332,0.508015956244581,0.3424450285251514,0.3573519295677183,0.34896595087844984
1998-01-01,0.3987698305387988,0.4201301983510431,0.5315688448903411,0.3980391281156565,0.4075216385192689,0.3897659225018058
1998-02-01,0.4222473632678075,0.44442458986660416,0.5550463776193498,0.4183551219879177,0.4309991712482777,0.4347923651697947
1998-03-01,0.43394077694677596,0.4831771912979046,0.5667397912983182,0.4163906892872574,0.44269258492724617,0.4729871398217846
1998-04-01,0.4359172193984111,0.4505912148883088,0.5687162337499534,0.4183671317388925,0.4446690273788813,0.4749635822734196
1998-05-01,0.430737581482352,0.43620432006708176,0.5635365958338943,0.4131874938228334,0.4394893894628221,0.4697839443573606
1998-06-01,0.4126902087325252,0.4305149188711765,0.5454892230840673,0.39514012107300656,0.4214420167129953,0.4517365716075337
1998-07-01,0.4291819144941033,0.4870197774026594,0.5193957916650673,0.3690466896540064,0.3953485852939952,0.4256431401885336
1998-08-01,0.4184026887571847,0.4464420273601288,0.4874232170981684,0.33707411508710755,0.36337601072709613,0.3936705656216347
1998-09-01,0.3583274456426718,0.3622746584912704,0.473989039893123,0.3856825490818426,0.3499418335220509,0.38023638841658935
1998-10-01,0.3359930043685648,0.3971834096934844,0.4602942536442041,0.4064354417917314,0.33624704727313204,0.3665416021676704
1998-11-01,0.3500981016748799,0.3933092962717831,0.4645170747705442,0.3195208715385831,0.3404698683994721,0.3707644232940105
1998-12-01,0.3482161481819791,0.3775092852715125,0.4922174979701951,0.3418683959591343,0.3681702915991231,0.3984648464936615
1999-01-01,0.3812825794232499,0.4174192004137232,0.5349412343405504,0.3905431949811848,0.3971743713391024,0.4285913334918303
1999-02-01,0.40469727560828894,0.4567278143509118,0.5584187670695592,0.4140207277101936,0.4206519040681112,0.4184329393011538
1999-03-01,0.4163906892872574,0.4855118514388391,0.5701121807485275,0.4257141413891621,0.4323453177470796,0.4182162861990031
1999-04-01,0.4183671317388925,0.4602059967549574,0.5720886232001626,0.4276905838407972,0.4343217601987147,0.45612470248138826
1999-05-01,0.4131874938228334,0.5450186674734381,0.5669089852841036,0.4131874938228334,0.4291421222826556,0.4605590844353835
1999-06-01,0.4069601047141337,0.4591956022951366,0.5488616125342767,0.39514012107300656,0.4110947495328288,0.4425117116855566
1999-07-01,0.4242717694956737,0.4124204969127661,0.5227681811152767,0.3690466896540064,0.3850013181138287,0.4164182802665566
1999-08-01,0.3603842340762866,0.3975829005752921,0.4907956065483777,0.33707411508710755,0.35302874354692976,0.38444570569965764
1999-09-01,0.43133053634272817,0.35303048268743165,0.4773614293433323,0.3305936409336589,0.33959456634188434,0.3710115284946123
1999-10-01,0.420443598611816,0.38560582641333796,0.4636666430944134,0.31926860373504795,0.3258997800929655,0.3573167422456933
1999-11-01,0.3523603574062781,0.36406681676641467,0.4678894642207535,0.32349142486138804,0.3301226012193056,0.3615395633720334
1999-12-01,0.38006078060592907,0.4088330280661161,0.4955898874204045,0.351191848061039,0.3578230244189565,0.3892399865716844
2000-01-01,0.4044880212794814,0.5143226299166427,0.5356187572483562,0.3992749380417482,0.4053800786964499,0.3813565442883706
2000-02-01,0.42796555400849023,0.550145313744129,0.5590962899773649,0.42275247077075695,0.42885761142545853,0.4290382101082699
2000-03-01,0.4396589676874586,0.553496405965739,0.5707897036563334,0.43444588444972543,0.4405510251044271,0.4216453964320206
2000-04-01,0.4729340631333076,0.419330149724071,0.5727661461079685,0.4364223269013605,0.4425274675560622,0.41965805411336976
2000-05-01,0.4131874938228334,0.41649138864339397,0.5675865081919094,0.4312426889853014,0.4373478296400031,0.4185233624762564
2000-06-01,0.4008497621428386,0.4205240102757696,0.5495391354420824,0.41319531623547456,0.41930045689017625,0.4223982972278117
2000-07-01,0.405799099583438,0.3690466896540064,0.5234457040230824,0.3871018848164745,0.39320702547117614,0.4067838647457793
2000-08-01,0.4668620293327454,0.3457386328052562,0.4866725565899059,0.3551293102495756,0.3612344509042773,0.37508724383194153
2000-09-01,0.34669892827883353,0.3474526564463288,0.4780389522511381,0.3416951330445301,0.34780027369923183,0.36809254007480513
2000-10-01,0.3332134300333445,0.4287850606445164,0.4643441660022192,0.3280003467956113,0.334105487450313,0.5214829022724846
2000-11-01,0.3374362511596846,0.3640591145087404,0.4685669871285593,0.3322231679219514,0.3383283085766531,0.3307249542008427
2000-12-01,0.3651366743593355,0.3437180646070948,0.4962674103282103,0.3599235911216023,0.36602873177630396,0.34222794264845524
2001-01-01,0.4158875053006992,0.3812197428792802,0.6078549397814716,0.4115692315081833,0.3812197428792802,0.40985360453308317
2001-02-01,0.4187675746231522,0.4304311909736085,0.6313324725104805,0.4350467642371921,0.40469727560828894,0.42775582190703987
2001-03-01,0.4510584517086765,0.5629087486066705,0.6430258861894489,0.4467401779161604,0.4163906892872574,0.4242941871563538
2001-04-01,0.4530348941603115,0.4562631577919805,0.645002328641084,0.4487166203677955,0.4183671317388925,0.43191731132406685
2001-05-01,0.4478552562442525,0.5011543353176612,0.6398226907250248,0.4435369824517365,0.4131874938228334,0.4225144343298971
2001-06-01,0.4289782384656353,0.4797932532300069,0.621775317975198,0.4254896097019096,0.39514012107300656,0.446976088214749
2001-07-01,0.44008792950024617,0.5092434498942793,0.5956818865561979,0.3993961782829095,0.4027136757106361,0.5796934526273891
2001-08-01,0.3812031148932921,0.4921206718301506,0.563709311989299,0.36742360371601057,0.3707411011437373,0.6337906415410526
2001-09-01,0.35830770030348125,0.4752006423162559,0.5502751347842536,0.3539894265109652,0.3573069239386918,0.6833792421273919
2001-10-01,0.3632918196075171,0.4049082741517803,0.5365803485353348,0.34029464026204626,0.3436121376897729,0.6467762053298798
2001-11-01,0.3374009877496713,0.4405803549205369,0.5408031696616749,0.34451746138838635,0.34783495881611304,0.36536693222016736
2001-12-01,0.3561715722569394,0.4499183868297809,0.5685035928613258,0.3722178845880373,0.375535382015764,0.35133305892061606
2002-01-01,0.461154903600259,0.4993886149251742,0.5562463720268517,0.3916728723419208,0.433816740328465,0.3890686650434519
2002-02-01,0.4846324363292677,0.44477997155413707,0.5797239047558604,0.4151504050709296,0.4572942730574738,0.41148367366565974
2002-03-01,0.4963258500082362,0.4272254528230411,0.5914173184348288,0.4268438187498981,0.4689876867364422,0.4231580839409589
2002-04-01,0.42900376677841656,0.4295987510438927,0.5933937608864639,0.4288202612015332,0.4709641291880773,0.49614750463377466
2002-05-01,0.4471777958423483,0.4131874938228334,0.588214122970405,0.423640623285474,0.4657844912720182,0.4534186997809257
2002-06-01,0.4778104390983969,0.4151784409864829,0.5701667502205781,0.4055932505356472,0.4477371185221914,0.44770417058781653
2002-07-01,0.4155512049710154,0.4617812535028237,0.5440733188015778,0.3794998191166471,0.4216436871031913,0.4476085715344198
2002-08-01,0.4056445696377303,0.6653773125086031,0.512100744234679,0.3475272445497482,0.33707411508710755,0.4311000469670313
2002-09-01,0.4244159035274705,0.7153802488513648,0.4986665670296336,0.3340930673447028,0.3236399378820621,0.36387114384015445
2002-10-01,0.389880312354122,0.6875659948034494,0.4849717807807148,0.32039828109578394,0.3099451516331433,0.33015953000848947
2002-11-01,0.3941031334804621,0.3339059115271664,0.4891946019070548,0.32462110222212404,0.3141679727594834,0.35439917871757565
2002-12-01,0.42180355668011305,0.34763678476673593,0.5168950251067058,0.3523215254217751,0.3944653934083191,0.3820996019172266
2003-01-01,0.4334877415955065,0.3935675641690301,0.5167369411750751,0.3863372365939899,0.4155887989664371,0.42608014739063227
2003-02-01,0.4569652743245153,0.4135052146824163,0.5402144739040838,0.4098147693229988,0.43906633169544573,0.44955768011964103
2003-03-01,0.4686586880034837,0.4194569744127493,0.5519078875830523,0.4215081830019671,0.4507597453744143,0.46125109379860946
2003-04-01,0.4706351304551188,0.4456808429435111,0.5538843300346874,0.4234846254536022,0.4527361878260494,0.4632275362502446
2003-05-01,0.4654554925390597,0.4131874938228334,0.5487046921186283,0.4183049875375432,0.4475565499099903,0.45804789833418547
2003-06-01,0.4474081197892329,0.4163785474866265,0.5306573193688013,0.4002576147877163,0.4295091771601634,0.44000052558435865
2003-07-01,0.4213146883702328,0.5405047797418139,0.5045638879498013,0.3741641833687162,0.40341574574116335,0.41390709416535854
2003-08-01,0.3893421138033337,0.6825596582929139,0.4725913133829024,0.3421916088018173,0.35826317098206073,0.3819345195984597
2003-09-01,0.3759079365982885,0.839844824696216,0.4591571361778571,0.32875743159677195,0.3255269492884859,0.3685003423934143
2003-10-01,0.3622131503493695,0.4875350357548808,0.4454623499289381,0.31506264534785305,0.3262439532797884,0.3548055561444954
2003-11-01,0.3664359714757096,0.34399197522476244,0.4496851710552782,0.3192854664741931,0.3389736881057147,0.3590283772708354
2003-12-01,0.3941363946753606,0.3606516187399966,0.4773855942549292,0.3469858896738441,0.3418683959591343,0.3867288004704864
2004-01-01,0.4438961249632937,0.4815545736442686,0.580271201145337,0.4020576141716827,0.4290587362512932,0.4599153691708865
2004-02-01,0.44650512479390897,0.4957183391880551,0.6037487338743458,0.4255351469006915,0.5273138143260069,0.48339290189989526
2004-03-01,0.4163906892872574,0.5286213557137688,0.6154421475533143,0.4372285605796599,0.4315355284208617,0.4950863155788637
2004-04-01,0.4250419371373535,0.5204306702503121,0.6174185900049494,0.439205003031295,0.4183671317388925,0.4970627580304988
2004-05-01,0.4131874938228334,0.4869383202493905,0.6122389520888902,0.434025365115236,0.4304551055079448,0.4918831201144397
2004-06-01,0.39514012107300656,0.4950502230641382,0.5941915793390633,0.4159779923654091,0.39514012107300656,0.4738357473646128
2004-07-01,0.3877628058496979,0.4973397982022121,0.5680981479200633,0.3868265228971968,0.40771950262024337,0.44774231594561276
2004-08-01,0.33707411508710755,0.4505622684963971,0.5361255733531644,0.4230920821265763,0.3757469280533444,0.4157697413787139
2004-09-01,0.8994966968486391,0.4370163474276975,0.522691396148119,0.3423542375322203,0.3623127508482991,0.40233556417366845
2004-10-01,0.33415267550551164,0.4208391398835217,0.5089966098991999,0.3374500947566252,0.3486179645993801,0.3886407779247495
2004-11-01,0.3768443548434968,0.3446955553326544,0.5132194310255401,0.3141679727594834,0.3528407857257202,0.3928635990510897
2004-12-01,0.40454477804314776,0.4337284965690109,0.5409198542251912,0.3418683959591343,0.3805412089253712,0.42056402225074063
2005-01-01,0.4549777122689528,0.3961231786270339,0.6577393551675376,0.4015063031517646,0.4071767187040883,0.49623584433536677
2005-02-01,0.4288681787416047,0.44944694946921465,0.6812168878965463,0.4249838358807734,0.43065425143309705,0.5197133770643756
2005-03-01,0.4163906892872574,0.4695904535693897,0.6929103015755148,0.4366772495597418,0.4423476651120655,0.531406790743344
2005-04-01,0.4457951212069589,0.5160314468016584,0.6948867440271499,0.43865369201137694,0.44432410756370055,0.533383233194979
2005-05-01,0.4869454632125061,0.5046970450262039,0.6897071061110908,0.4334740540953178,0.4391444696476414,0.52820359527892
2005-06-01,0.4688980904626792,0.5022379059313583,0.6716597333612639,0.41542668134549104,0.4210970968978146,0.5101562225290931
2005-07-01,0.4428046590436791,0.4435073031324009,0.6455663019422639,0.3893332499264909,0.3950036654788145,0.484062791110093
2005-08-01,0.35351317811077043,0.4150654169433176,0.6135937273753649,0.35736067535959193,0.3630310909119157,0.4520902165431941
2005-09-01,0.3973979072717347,0.3757601955826495,0.6001595501703195,0.34392649815454657,0.3890234665616738,0.4386560393381487
2005-10-01,0.3837031210228159,0.37522505482319257,0.5864647639214007,0.3099451516331433,0.3359021274579513,0.4249612530892298
2005-11-01,0.38792594214915604,0.41513884430246384,0.5906875850477407,0.31955048397058405,0.34012494858429143,0.3280479484931052
2005-12-01,0.4156263653488069,0.4479646556183291,0.6183880082473917,0.3418683959591343,0.3678253717839424,0.34907564969204985
2006-01-01,0.4435692555602517,0.4889150008790154,0.5177476637111564,0.4080290303107006,0.4784126359059109,0.39233690296104134
2006-02-01,0.4670467882892606,0.4434178271517381,0.5412251964401653,0.4124259395287165,0.5018901686349198,0.4256209473683764
2006-03-01,0.47874020196822903,0.4342311842065529,0.5529186101191337,0.4286075181328999,0.5135835823138881,0.42403322034018776
2006-04-01,0.4807166444198641,0.4866651558812958,0.5548950525707688,0.4403944671659082,0.5155600247655232,0.4205644528071617
2006-05-01,0.4755370065038049,0.4692616034205492,0.5497154146547096,0.4399967812542538,0.5103803868494641,0.43227408466516837
2006-06-01,0.4574896337539781,0.486567755625962,0.5316680419048828,0.39514012107300656,0.4923330140996373,0.41820145855839
2006-07-01,0.431396202334978,0.46792233938124894,0.5055746104858827,0.3830173244108493,0.4662395826806371,0.37395891626119493
2006-08-01,0.3994236277680791,0.4252101291140334,0.4736020359189839,0.3638834025185279,0.4342670081137383,0.3679648337907002
2006-09-01,0.3859894505630337,0.4414364264015894,0.4601678587139385,0.3504492253134825,0.4208328309086929,0.4227841728682898
2006-10-01,0.35309895127248314,0.4018069696855345,0.4464730724650196,0.3367544390645636,0.407138044659774,0.4221155387207354
2006-11-01,0.4760462746765316,0.37166550763413575,0.4506958935913597,0.3141679727594834,0.4113608657861141,0.3276372591366299
2006-12-01,0.40421790864010587,0.4053986157674022,0.4783963167910106,0.3686776833905547,0.43906128898576496,0.4410126309453619
2007-01-01,0.4368958111176978,0.5298568712852968,0.5873031737954026,0.41290706629528,0.4457343263213666,0.45098099282400894
2007-02-01,0.4603733438467066,0.5603561999327381,0.6107807065244113,0.4363845990242887,0.4692118590503754,0.4744585255530178
2007-03-01,0.4720667575256751,0.443542606242021,0.6224741202033798,0.4480780127032571,0.4809052727293438,0.4861519392319862
2007-04-01,0.4740431999773101,0.4213721825146925,0.6244505626550149,0.4500544551548922,0.4828817151809789,0.4358194699847037
2007-05-01,0.468863562061251,0.4380962915358861,0.6192709247389558,0.4448748172388332,0.4777020772649198,0.4131874938228334
2007-06-01,0.4508161893114242,0.4854635943312814,0.6012235519891289,0.4268274444890064,0.459654704515093,0.39514012107300656
2007-07-01,0.4247227578924241,0.500899396423554,0.5751301205701289,0.4007340130700062,0.4335612730960929,0.3744430397696697
2007-08-01,0.3927501833255251,0.3814381951866527,0.5431575460032299,0.3687614385031073,0.401588698529194,0.3599890818107603
2007-09-01,0.3793160061204798,0.3664737942423975,0.5297233687981845,0.3553272612980619,0.3881545213241486,0.3563115999295713
2007-10-01,0.3656212198715609,0.4126204978435362,0.5160285825492656,0.34163247504914296,0.3744597350752297,0.3297726990094326
2007-11-01,0.3698440409979009,0.3894854951242568,0.5202514036756057,0.34585529617548305,0.37868255620156976,0.3394875610715363
2007-12-01,0.3975444641975519,0.4348662941532159,0.5479518268752567,0.3735557193751341,0.4063829794012207,0.35481403717487486
2008-01-01,0.479867967417043,0.5483590229000466,0.567036478787563,0.3884099141842167,0.42988401895484535,0.505839880267939
2008-02-01,0.40469727560828894,0.5725390667746462,0.5905140115165717,0.41188744691322543,0.4533615516838541,0.5293174129969479
2008-03-01,0.4163906892872574,0.5848334413923879,0.6022074251955403,0.4235808605921939,0.4650549653628226,0.5410108266759163
2008-04-01,0.4242931021235637,0.4396970522138725,0.6041838676471752,0.425557303043829,0.4670314078144576,0.5429872691275514
2008-05-01,0.4203343918392593,0.4267284774592201,0.5990042297311162,0.42037766512776986,0.4618517698983985,0.5378076312114923
2008-06-01,0.39514012107300656,0.4119533399586017,0.5809568569812893,0.40233029237794304,0.4438043971485717,0.5197602584616654
2008-07-01,0.3850447336905824,0.3802867766414729,0.5548634255622893,0.3762368609589429,0.4177109657295716,0.49366682704266535
2008-08-01,0.3865062345449093,0.4030007708784635,0.5228908509953903,0.344264286392044,0.3857383911626727,0.4616942524757664
2008-09-01,0.422288162419825,0.3822246489664953,0.509456673790345,0.3308301091869986,0.3723042139576273,0.44826007527072104
2008-10-01,0.4085933761709061,0.4764869196475662,0.495761887541426,0.3171353229380798,0.3586094277087084,0.40098408298507326
2008-11-01,0.4128161972972462,0.4816053912960722,0.4999847086677661,0.3213581440644198,0.3628322488350485,0.392502600412081
2008-12-01,0.4405166204968971,0.44327924525916396,0.5276851318674171,0.3490585672640708,0.3905326720346993,0.36071063440219103
2009-01-01,0.4772646921211389,0.3913680836635544,0.6243916278150922,0.4172137260962302,0.4679435025412743,0.4337827775458126
2009-02-01,0.5007422248501477,0.4090657835822186,0.6478691605441009,0.40469727560828894,0.4914210352702829,0.4133451170675896
2009-03-01,0.4744482723808528,0.4234000484556071,0.6595625742230694,0.4287633860101464,0.5031144489492514,0.4293937017856561
2009-04-01,0.42548061848726304,0.4276045996063541,0.6615390166747045,0.44171453854799625,0.5050908914008865,0.42222470621522923
2009-05-01,0.4608212236241034,0.4345061595383879,0.6563593787586455,0.42619765433490775,0.4999112534848274,0.4376240024986051
2009-06-01,0.4911850703148654,0.4185696835829678,0.6383120060088185,0.39514012107300656,0.4818638807350006,0.4074113756557133
2009-07-01,0.4650916388958653,0.4194534636364109,0.6122185745898184,0.3690466896540064,0.4557704493160005,0.4972190115465064
2009-08-01,0.4331190643289663,0.4395804055410778,0.5802460000229196,0.3749604566992141,0.4237978747491016,0.47354438918431674
2009-09-01,0.41968488712392094,0.4415531688949885,0.5668118228178742,0.4204355456503404,0.4103636975440562,0.3945652758081207
2009-10-01,0.405990100875002,0.5018043394260769,0.5531170365689553,0.375317832562851,0.3966689112951373,0.3808704895592018
2009-11-01,0.4102129220013421,0.44652564628665603,0.5573398576952954,0.3141679727594834,0.40089173242147735,0.38509331068554187
2009-12-01,0.4379133452009931,0.4843524185841521,0.5850402808949462,0.3418683959591343,0.4285921556211284,0.4127937338851928
2010-01-01,0.5176793180057384,0.4228982070698831,0.6106950925729491,0.4056835237086718,0.4571919130689752,0.38885580179636264
2010-02-01,0.5411568507347472,0.4842536419554848,0.6341726253019577,0.43570743224001385,0.4863556406789403,0.42927641082003437
2010-03-01,0.5528502644137157,0.4581087085149295,0.6458660389809261,0.4675290317745598,0.4659174904472068,0.42129798936036356
2010-04-01,0.5548267068653507,0.439634218426034,0.6478424814325612,0.4493772883706174,0.473363111027978,0.4226045181656385
2010-05-01,0.5496470689492916,0.4380853319070132,0.6426628435165022,0.4249260117663951,0.41990290790823337,0.44240315562184723
2010-06-01,0.5315996961994648,0.3959489900668287,0.6246154707666753,0.3985220668990226,0.42842212255411294,0.39514012107300656
2010-07-01,0.5055062647804647,0.39067386539158144,0.5985220393476752,0.3690466896540064,0.3819270264839776,0.37632557973326003
2010-08-01,0.4735336902135658,0.34024664152669004,0.5665494647807763,0.3585948409031934,0.33707411508710755,0.3639054057918386
2010-09-01,0.4600995130085204,0.43970758999376136,0.553115287575731,0.35465009451378715,0.3236399378820621,0.4471089493255083
2010-10-01,0.4464047267596015,0.4672073532295604,0.5394205013268121,0.3409553082648682,0.3099451516331433,0.46038409880587905
2010-11-01,0.4506275478859416,0.3229971509256669,0.5436433224531521,0.3451781293912083,0.3141679727594834,0.46460691993221914
2010-12-01,0.4783279710855926,0.4217027794765729,0.571343745652803,0.3728785525908592,0.3418683959591343,0.4923073431318701
2011-01-01,0.5290319005408132,0.5021214744206715,0.6690216278371487,0.5004061072739743,0.38659190512006375,0.3812197428792802
2011-02-01,0.5525094332698219,0.500909033720774,0.6924991605661575,0.4118467716015409,0.4305591182662094,0.40469727560828894
2011-03-01,0.4163906892872574,0.4761520420038998,0.7041925742451258,0.4163906892872574,0.4575000304917242,0.4345713291509483
2011-04-01,0.4183671317388925,0.5150778900225166,0.7061690166967609,0.4183671317388925,0.4260798633654737,0.4183671317388925
2011-05-01,0.4131874938228334,0.4590093986847626,0.7009893787807019,0.4212152855187032,0.4193123509170913,0.4359148984220901
2011-06-01,0.41052158065525457,0.4902444136910813,0.6829420060308751,0.5143264854677005,0.4148004118681368,0.5096957795201573
2011-07-01,0.3704772267412355,0.4682266581821084,0.6568485746118748,0.4882330540487004,0.4011688210549407,0.5248339173884711
2011-08-01,0.3749238561377963,0.4577276041447892,0.6248760000449761,0.4562604794818016,0.37772724920062783,0.3445891732449744
2011-09-01,0.3494104245967178,0.5147700748349057,0.6114418228399305,0.4428263022767561,0.3236399378820621,0.3481362051842819
2011-10-01,0.3340070032980565,0.4183792663719065,0.5977470365910118,0.4291315160278373,0.3099451516331433,0.4012734699258763
2011-11-01,0.4619801304210163,0.4015529736458248,0.6019698577173518,0.43335433715417737,0.3141679727594834,0.42945087499091256
2011-12-01,0.4896805536206673,0.446256591415504,0.6296702809170027,0.4610547603538283,0.3564941106747631,0.3595976149995258
2012-01-01,0.4873988871007776,0.4366644409496879,0.6707641842708911,0.4338060861292756,0.4064164814668649,0.39155630665297625
2012-02-01,0.5108764198297864,0.4489949454823629,0.6942417169999,0.4572836188582844,0.40469727560828894,0.4130894022291477
2012-03-01,0.5225698335087547,0.4680331961674747,0.7059351306788684,0.4689770325372528,0.4163906892872574,0.4235796696048104
2012-04-01,0.5245462759603898,0.42026426407908857,0.7079115731305035,0.4709534749888879,0.4183671317388925,0.44267714340009057
2012-05-01,0.5193666380443308,0.4575737546911812,0.7027319352144443,0.4657738370728288,0.4131874938228334,0.4316281734504351
2012-06-01,0.4510869685969143,0.4347741931771023,0.6846845624646175,0.447726464323002,0.39514012107300656,0.4173166204962185
2012-07-01,0.4752258338755038,0.4361250475076972,0.6585911310456174,0.4216330329040019,0.37424565963386497,0.5628037184345316
2012-08-01,0.4998838846612099,0.45810574378221103,0.6266185564787186,0.389660458337103,0.33707411508710755,0.7040664182512861
2012-09-01,0.3466172912034136,0.3919443220711608,0.6131843792736731,0.3762262811320576,0.3236399378820621,0.8900222190901791
2012-10-01,0.4161242958546406,0.3561710879216116,0.5994895930247544,0.3625314948831387,0.3099451516331433,0.4973899962228432
2012-11-01,0.4698047432974504,0.3599535372894087,0.6037124141510943,0.3667543160094788,0.3141679727594834,0.3344707290880401
2012-12-01,0.4480475401806317,0.3803683155662113,0.6314128373507453,0.39445473920912977,0.3418683959591343,0.34867188650210773
2013-01-01,0.527427473282816,0.412861152207324,0.5711371994180765,0.4660309229713786,0.3812197428792802,0.41285206989534073
2013-02-01,0.5509050060118248,0.4140420322533723,0.5946147321470853,0.4895084557003873,0.40469727560828894,0.40469727560828894
2013-03-01,0.5625984196907933,0.42786541862176974,0.6063081458260537,0.5012018693793557,0.4415432924785301,0.5082057234908496
2013-04-01,0.5645748621424284,0.4375220665976665,0.6082845882776887,0.5031783118309908,0.4285137437703548,0.5297809725289442
2013-05-01,0.5593952242263692,0.4379634268779171,0.6031049503616297,0.4979986739149317,0.4141468036915635,0.524601334612885
2013-06-01,0.5413478514765424,0.4532025366036233,0.5850575776118028,0.4799513011651049,0.4082818090422762,0.5065539618630581
2013-07-01,0.5152544200575423,0.4471254733661661,0.5589641461928028,0.4538578697461048,0.3690466896540064,0.48046053044405806
2013-08-01,0.4832818454906434,0.5243540163115191,0.5269915716259038,0.4218852951792059,0.34410957233784145,0.4484879558771592
2013-09-01,0.4698476682855981,0.5744545855910397,0.5135573944208585,0.4084511179741605,0.33091557500920354,0.43505377867211376
2013-10-01,0.4561528820366792,0.3328023026935687,0.4998626081719395,0.3947563317252416,0.3227360028906169,0.42135899242319486
2013-11-01,0.4603757031630192,0.35847204839338986,0.5040854292982796,0.3989791528515817,0.3307872472550774,0.42558181354953495
2013-12-01,0.4880761263626702,0.37045334293697385,0.5317858524979306,0.42667957605123263,0.35742164048712194,0.45328223674918594
2014-01-01,0.4739974896041518,0.4856330232974872,0.6067770074273079,0.5003080218910485,0.38581830114291626,0.4169544833832547
2014-02-01,0.4974750223331607,0.4949288653967835,0.6302545401563167,0.5237855546200572,0.4217499863375873,0.41174431674431167
2014-03-01,0.5091684360121289,0.4321259992844725,0.6419479538352851,0.5354789682990256,0.4646830415992793,0.44303508652173296
2014-04-01,0.5041817457775528,0.4222072133895484,0.6439243962869202,0.5374554107506607,0.4666594840509144,0.4444835318355086
2014-05-01,0.5059652405477051,0.4281747592898847,0.6387447583708611,0.5322757728346017,0.461032006711654,0.440872628323855
2014-06-01,0.4879178677978782,0.4191440097890118,0.6206973856210343,0.5142284000847748,0.4750084295617663,0.4165225647990382
2014-07-01,0.4618244363788782,0.3908387975891496,0.5946039542020342,0.4881349686657746,0.4173390419660283,0.388085762634641
2014-08-01,0.4298518618119792,0.37446948129930496,0.5626313796351352,0.4561623940988758,0.3853664673991294,0.350190557440183
2014-09-01,0.41641768460693385,0.3407453465000285,0.5491972024300898,0.4427282168938304,0.37193229019408397,0.38258474938826365
2014-10-01,0.4533466919924262,0.4074544031668015,0.535502416181171,0.42903343064491145,0.3582375039451651,0.37866201464838867
2014-11-01,0.406945719484355,0.3471155568858965,0.539725237307511,0.4332562517712516,0.3624603250715053,0.4548027365847402
2014-12-01,0.4346461426840059,0.3418683959591343,0.5674256605071619,0.4609566749709025,0.3901607482711562,0.4328474971259198
2015-01-01,0.4590429879475035,0.3812197428792802,0.6426822715681713,0.4066517657258847,0.4622097388990536,0.4757896883813656
2015-02-01,0.4290833288913459,0.40469727560828894,0.6661598042971801,0.4301292984548935,0.40469727560828894,0.45343551539967647
2015-03-01,0.4163906892872574,0.4400616799330592,0.6778532179761485,0.4418227121338619,0.4335027356785823,0.4163906892872574
2015-04-01,0.4183671317388925,0.4972091879967746,0.6798296604277836,0.4243219800832674,0.4183671317388925,0.4183671317388925
2015-05-01,0.4131874938228334,0.4771816172815223,0.6746500225117245,0.4386195166694379,0.4261940179293736,0.4217397821303429
2015-06-01,0.4023207610708514,0.4844141914417013,0.6566026497618977,0.4205721439196111,0.4308172827724794,0.4034723368575459
2015-07-01,0.4536722564570364,0.4509977521176517,0.6305092183428975,0.39447871250061095,0.3762396338960233,0.380364542020337
2015-08-01,0.4148973601553309,0.3921336356443684,0.5985366437759987,0.3625061379337121,0.3808390289350849,0.4316440605891929
2015-09-01,0.4014631829502855,0.4088289772691203,0.5851024665709533,0.3490719607286667,0.4046299339018356,0.41820988338414755
2015-10-01,0.4678470609030435,0.3959057835042079,0.5714076803220343,0.3353771744797478,0.3217468227779581,0.339545744410918
2015-11-01,0.3645999487152539,0.3897350351806358,0.5756305014483745,0.3141679727594834,0.32330286965567995,0.3564146838947758
2015-12-01,0.4196916410273576,0.4524708577935233,0.6033309246480254,0.3418683959591343,0.3418683959591343,0.46593928692779707
2016-01-01,0.4407022947350861,0.4084699291569707,0.6348172297330572,0.3812197428792802,0.4847998099325746,0.45937724490623133
2016-02-01,0.4641798274640949,0.4397699086412301,0.6582947624620661,0.4580053315901785,0.5082773426615834,0.48285477763524015
2016-03-01,0.4758732411430632,0.4444303479798819,0.6699881761410345,0.4400747085224593,0.5199707563405518,0.4945481913142086
2016-04-01,0.4778496835946984,0.4676208705917472,0.6719646185926695,0.445738651713932,0.521947198792187,0.49652463376584366
2016-05-01,0.4726700456786392,0.4922755248601121,0.6667849806766104,0.4225622666548555,0.5167675608761279,0.4913449958497845
2016-06-01,0.4546226729288124,0.4580121389098844,0.6487376079267836,0.39514012107300656,0.498720188126301,0.4732976230999577
2016-07-01,0.4285292415098123,0.4387710244229712,0.6226441765077835,0.3690466896540064,0.4726267567073009,0.4472041916809576
2016-08-01,0.3965566669429134,0.40543578151314463,0.5906716019408844,0.37105359287604267,0.440654182140402,0.4152316171140587
2016-09-01,0.383122489737868,0.40422388055404296,0.5772374247358392,0.4110385603145288,0.4272200049353567,0.4017974399090133
2016-10-01,0.3694277034889491,0.34726155563479605,0.5635426384869202,0.3336291708683452,0.41352521868643777,0.3881026536600944
2016-11-01,0.3666446293243967,0.3862232135509971,0.5677654596132602,0.3378519919946853,0.4177480398127778,0.3923254747864345
2016-12-01,0.4092511802143328,0.4155826474729664,0.5954658828129112,0.3418683959591343,0.4454484630124288,0.4200258979860855
2017-01-01,0.4394502275122686,0.4087199223766445,0.6388307210967801,0.4188923421649757,0.4505477787062361,0.4704959899260927
2017-02-01,0.4549039659536998,0.4910016340644868,0.6623082538257887,0.4532915213001575,0.4740253114352448,0.49397352265510147
2017-03-01,0.4665973796326682,0.4367530062187829,0.6740016675047573,0.4565022374904856,0.4857187251142133,0.5056669363340699
2017-04-01,0.4685738220843033,0.4183671317388925,0.6759781099563922,0.4584786799421207,0.4876951675658484,0.507643378785705
2017-05-01,0.4633941841682442,0.4131874938228334,0.6707984720403333,0.4532990420260615,0.5296861709947758,0.502463740869646
2017-06-01,0.44534681141841737,0.4198557283954172,0.6527510992905063,0.4735434535001961,0.4889355890463358,0.48441636811981903
2017-07-01,0.4192533799994173,0.4878428399672899,0.6266576678715063,0.4107986383726727,0.4251055237214357,0.4583229367008189
2017-08-01,0.3872808054325184,0.6408914478710993,0.5946850933046074,0.3771856632903357,0.3744923085975202,0.4263503621339201
2017-09-01,0.37384662822747294,0.5434086404160097,0.581250916099562,0.3637514860852904,0.3311954439788629,0.4129161849288747
2017-10-01,0.36015184197855404,0.5139502641770579,0.5675561298506431,0.35005669983637144,0.3677245037574626,0.39922139867995576
2017-11-01,0.31845758457714923,0.3357260185534746,0.5717789509769832,0.35427952096271154,0.3834960085864392,0.40344421980629586
2017-12-01,0.3418683959591343,0.36202752979729214,0.5994793741766342,0.3819799441623625,0.4111964317860902,0.4311446430059468
2018-01-01,0.3899080008771091,0.3812197428792802,0.5819344705627052,0.4362023635898953,0.4334336241103629,0.4433408922773995
2018-02-01,0.40469727560828894,0.4134592953334025,0.6054120032917139,0.4596798963189041,0.4569111568393717,0.46681842500640824
2018-03-01,0.4163906892872574,0.4163906892872574,0.6171054169706823,0.4713733099978725,0.4638911826668515,0.4785118386853766
2018-04-01,0.4183671317388925,0.4763251421017497,0.6190818594223174,0.4733497524495076,0.4592946354637964,0.48048828113701175
2018-05-01,0.4131874938228334,0.5026039351441607,0.6139022215062584,0.4681701145334485,0.4528905812305563,0.4753086432209527
2018-06-01,0.414478533707058,0.4817697794725978,0.5958548487564315,0.4501227417836217,0.4566448489821066,0.45726127047112575
2018-07-01,0.501926776765082,0.4352540217385995,0.5697614173374315,0.4240293103646216,0.4034200125622917,0.43116783905212575
2018-08-01,0.5961591310450247,0.39125730967958094,0.5377888427705324,0.39205673579772266,0.4970333516026405,0.3991952644852268
2018-09-01,0.826638894108948,0.4520818238938264,0.5243546655654872,0.3786225585926773,0.3624162950483609,0.38576108728018144
2018-10-01,0.6212107235655531,0.3838872660937719,0.5106598793165682,0.3649277723437584,0.3111765399255763,0.37206630103126254
2018-11-01,0.4063109531034841,0.3422284307767307,0.5148827004429083,0.3691505934700985,0.3141679727594834,0.3762891221576026
2018-12-01,0.3956497505706024,0.3812746495535208,0.5425831236425593,0.3968510166697494,0.39408227719021705,0.40398954535725357
2019-01-01,0.43730228193581744,0.4488046533355414,0.5684732058892057,0.4351115544093944,0.4172395763053723,0.42531219553287425
2019-02-01,0.4435901942367752,0.4718824862488236,0.5919507386182143,0.4585890871384032,0.4407171090343811,0.44878972826188307
2019-03-01,0.4579296069586201,0.4992788757347168,0.6036441522971829,0.4702825008173716,0.4524105227133495,0.4604831419408515
2019-04-01,0.43992113687905343,0.4826789881248308,0.6056205947488179,0.4722589432690066,0.4543869651649846,0.4624595843924866
2019-05-01,0.4195765596612032,0.4920558258031754,0.6004409568327589,0.4670793053529476,0.4492073272489256,0.45727994647642745
2019-06-01,0.39514012107300656,0.4849363026594398,0.5823935840829321,0.4490319326031208,0.43115995449909866,0.43923257372660063
2019-07-01,0.3808979545436368,0.4347747227814809,0.556300152663932,0.42293850118412063,0.4050665230800986,0.4131391423076005
2019-08-01,0.3860094454459694,0.4081731698672977,0.5243275780970329,0.39096592661722174,0.3730939485131997,0.3811665677407016
2019-09-01,0.3943924133489726,0.3954584124867487,0.5108934008919876,0.3775317494121764,0.3596597713081543,0.3677323905356562
2019-10-01,0.4834637985962179,0.3747299821263985,0.4971986146430687,0.3638369631632574,0.3459649850592354,0.35403760428673736
2019-11-01,0.3727441874542191,0.4040007796043524,0.5014214357694088,0.31811205962243816,0.35018780618557543,0.4253139554675989
2019-12-01,0.3689686882209424,0.3892266107249384,0.5291218589690598,0.3418683959591343,0.3778882293852264,0.3854088827096277
2020-01-01,0.4619903079201093,0.3902212717403211,0.6537198618744684,0.3812197428792802,0.452017940625194,0.4025282439722221
2020-02-01,0.4854678406491181,0.4102974026022434,0.6771973946034773,0.4834962286495365,0.4754954733542027,0.41347279335845827
2020-03-01,0.4971612543280866,0.4498373330935427,0.6888908082824456,0.4951896423285049,0.4871888870331711,0.4326235124947003
2020-04-01,0.4991376967797216,0.4434514895424739,0.6908672507340807,0.49716608478014,0.4891653294848063,0.4183671317388925
2020-05-01,0.4939580588636625,0.4229917849710799,0.6856876128180216,0.4919864468640809,0.4839856915687472,0.41483701516944116
2020-06-01,0.4759106861138357,0.4709318465719943,0.6676402400681949,0.4739390741142541,0.4659383188189203,0.4403718203215668
2020-07-01,0.4498172546948356,0.541586417503501,0.6415468086491948,0.44784564269525395,0.4398448873999202,0.4733677010757382
2020-08-01,0.3749308739068342,0.7171222288126912,0.6095742340822958,0.415873068128355,0.4078723128330213,0.3878028217234122
2020-09-01,0.35948886428623594,0.6959090797509379,0.5961400568772504,0.4024388909233096,0.3944381356279759,0.38328648965328393
2020-10-01,0.3207912942444721,0.3902286357170578,0.5824452706283316,0.3887441046743907,0.38074334937905696,0.369591703404365
2020-11-01,0.3949385378003125,0.362846272614026,0.5866680917546716,0.3929669258007309,0.38496617050539705,0.34013406797768286
2020-12-01,0.42263896099996345,0.3562726940509482,0.6143685149543225,0.4206673490003818,0.4126665937050481,0.40151494773035606
