,UKESM1-0-LL-r1i1p1f2,IPSL-CM6A-LR-r1i1p1f1,UKESM1-0-LL-r3i1p1f2,UKESM1-0-LL-r2i1p1f2,ACCESS-ESM1-5-r1i1p1f1,UKESM1-0-LL-r8i1p1f2,UKESM1-0-LL-r4i1p1f2,GFDL-ESM4-r1i1p1f1,CanESM5-r1i1p1f1
1993-01-01,8.363525517564955,9.466546062035423,8.924648258105295,10.079825262368134,9.029800706323224,9.478743932696004,9.219244186776741,9.676434482858431,10.035525219625853
1993-02-01,7.723939089686985,8.818290117741082,8.599700266284628,8.988276775524808,7.928849283591576,9.608723273672098,8.729563008753908,8.866980447380172,10.463441019764836
1993-03-01,7.711819525015705,7.991371782633215,9.574371781601123,9.062450259008566,7.861429277033173,9.694547393000867,9.111227335754137,9.529407203065798,9.672927605209853
1993-04-01,8.424718447263704,8.087951050996143,10.716859866579394,9.306074119554061,7.677954497688954,10.611193366472847,9.217941196804126,10.54067515031149,9.994696334294712
1993-05-01,11.056857758903053,10.730100264484342,11.992896639742822,11.422385117966044,9.16657766393395,11.930729322437944,11.332299611802936,12.044084512454695,10.677002761398741
1993-06-01,12.241408468347787,12.267660331952648,13.410256853539787,13.139039732141075,11.326697933840778,13.445619219642394,12.248991452631245,13.424343596755918,12.683043083568286
1993-07-01,13.970366543653192,13.71173837635956,16.17655295991075,14.968256481378148,13.514740103961476,14.276573879101784,13.857637890968116,14.377772562962914,13.652891743839978
1993-08-01,13.337412447637453,15.526124730880804,16.65653458859698,14.699882444749976,14.188587854374395,14.490925099017488,13.93599546666733,14.229001035745473,14.105868137544917
1993-09-01,12.907169688895438,14.846747691989783,15.465911444607734,14.093978444023476,13.23847189009225,13.446823760595107,13.816779333320731,13.156756489486522,14.372701680856249
1993-10-01,11.286822037342976,14.175568447294806,14.888719758594053,12.572266862589707,12.171922377429668,12.618770892289696,13.376570772710162,12.255901585692325,13.325273916655078
1993-11-01,10.67478308862176,11.8711786750757,13.296066155972495,11.105152707566528,9.783650016836107,10.871691277627098,11.525610326191313,10.01733573236532,11.690718137107666
1993-12-01,9.347940108568721,9.152073573430613,11.41373607437852,10.472670678735447,8.361880760611593,8.118002658227773,9.677478216476093,8.967445766248614,10.495832697455688
1994-01-01,8.888099710741601,7.512550334777987,10.693111098889837,9.987911502914155,7.804643300849082,7.5399907017926955,8.919482808915967,9.263282313680731,9.832770097055821
1994-02-01,8.960498552592204,8.075633544969918,10.311959204714537,9.343187088574092,7.663521904787941,8.942700435925682,8.415378985753389,9.456434272501374,9.601080117392979
1994-03-01,9.720967669658329,8.879221005811663,9.726122856956746,9.241490681902878,7.750547265989763,9.85718965354124,8.724607015691817,9.93244113698724,10.092051014953132
1994-04-01,11.401485074379293,9.823954235654382,9.65702674525511,10.012534249810038,8.469807508837697,11.633134689439585,10.000118403711582,11.467900236529708,10.423065277552796
1994-05-01,14.249457526870227,12.30855554979284,11.514693606830125,11.517687955091837,10.648303192601443,11.709165420906356,11.612695998267247,13.861448386264918,11.870329816571047
1994-06-01,15.154948783705885,13.307262770980067,12.669898058353665,12.49392840508245,12.724590957092502,13.319774296155884,13.11677500062361,14.937654742293114,13.686679280230567
1994-07-01,15.996724452320475,12.811629105262096,14.344541399615181,14.493944728272893,13.297514145006216,14.3940137825699,14.308254157574597,14.750755288310321,14.060709293174941
1994-08-01,16.74372395586756,14.61812695029608,15.535861467692662,14.248730648099125,14.089722432983036,16.38578765721758,14.770871649255724,15.320526425641573,14.420806060168468
1994-09-01,16.296565061532238,15.417615859152464,15.004473046255708,13.960918894610549,14.01968991964526,16.17666072470304,14.238520029123295,15.116885332916961,14.699242624105464
1994-10-01,12.840507228473678,14.671104722574995,14.754741023379806,13.731247321839547,13.10078128937212,13.945644029485836,12.450707622933033,12.684852756352385,13.937659726452594
1994-11-01,11.463787075059287,12.309296067810035,11.625381348911759,10.689807238777048,11.10065094769408,12.04332797271845,10.418339084616543,10.888380056035118,10.850370665515102
1994-12-01,10.074921346762814,9.966678934231886,10.224067600092162,8.869565318303293,9.32861304281498,10.861341726765632,8.976820217218268,9.871090790314136,9.72301257367305
1995-01-01,9.027365842929054,8.928026144273419,9.048516337270408,8.266465130910921,8.616724007186374,10.088539623330801,8.376662572047879,8.666228162342428,9.829411967289166
1995-02-01,8.118851864705139,9.35986660540096,8.81322500073333,7.753194227434053,8.068775915065237,9.432382145480911,7.553709725102397,7.6284233548229246,9.515235584005868
1995-03-01,7.909813168314312,9.156635953896934,9.200409963336764,7.473675690550937,8.169610230616271,9.596179923886078,8.150102753540535,8.602432543404818,7.2734086077972
1995-04-01,8.32039812218628,9.996206867378763,9.524637099294065,8.22679426079427,8.575652048726964,9.477475070281974,8.30782251746195,8.587738690772932,8.51460606806288
1995-05-01,9.898176380430444,10.467399413375464,11.334454938969865,10.428995391270133,10.546017103170488,11.229105762741131,10.291494452182283,10.281200301129095,11.495396701776588
1995-06-01,12.712156120620588,12.526839653402842,12.48008184323101,13.043831441257115,11.843034784919233,14.358741087539947,12.718344053436393,12.566418336352632,13.770376638033191
1995-07-01,13.728388997535136,15.549779769527042,13.432427013024249,14.39861016017698,13.716526471390582,14.97323679284245,13.768718585368381,12.696191657349207,14.158884050806037
1995-08-01,15.225535293370983,14.14985271536248,13.895679945315242,14.816306681563313,14.239928179759145,14.893870222219414,15.140345936721413,14.70159753086848,14.928162803924359
1995-09-01,14.947968395143793,13.908617917605875,12.962297010727431,13.394882855426733,14.221289450206024,15.482766085309686,14.005874551596081,14.004577174916859,14.208990408630477
1995-10-01,13.334533607363749,12.778556311138187,12.78720041979967,13.717048216592488,12.838518166207235,13.641197375641253,11.806489741075945,11.485512721418216,13.035924469828808
1995-11-01,10.998985741390618,11.782944462374351,11.394117248290017,11.785262630965425,11.362250866771973,12.515567260332027,11.494685342196373,10.177987366107466,11.151817811147518
1995-12-01,10.029766722999048,10.757166973248443,10.02289681555453,10.180569578899672,11.211030881700573,10.442310519569393,9.20038893220869,9.133980530967174,10.116218978663408
1996-01-01,9.144575271534515,10.05982719298718,8.285590700491085,9.388808275373894,11.118100043053836,9.870632593062087,8.131576694106888,8.262136811712335,9.008108497220196
1996-02-01,8.20426521040035,9.26748123224808,7.707416415533393,8.581339743251489,11.01369141098057,9.480898376629712,8.345974203267183,8.171497473876501,6.596000967741735
1996-03-01,8.973566619461547,8.913628624040374,8.727902791964977,8.211351098074772,11.154206273036461,9.57614759614872,9.500377811259927,7.537521323026687,7.262760827240347
1996-04-01,9.47357876856194,9.533659362510727,10.322095501422922,8.168676883383535,11.491363644185553,9.034794179810048,10.592043425678812,9.16323617955394,8.993587130988873
1996-05-01,11.564214986030832,10.69989320066016,12.530164226354124,10.533964339112913,12.595766051935966,11.801341118121398,11.549296447373912,10.721299826075887,11.015691917087047
1996-06-01,12.237577941546324,12.178317699806467,13.550846283780944,12.666458196214506,15.485713181626064,12.886188846875966,14.18828026446357,13.070361265917759,13.140551255272989
1996-07-01,13.712741184779894,14.481991080826793,14.74806843021083,15.027449573148472,16.777626775418266,14.266027624932752,15.851630113765278,14.630539270032367,14.507759913074436
1996-08-01,14.49780890952416,14.945080773022836,15.392081166506932,14.760629424995258,15.587667417185385,14.1988660627878,16.23756401772213,15.863520388883598,15.704272969629683
1996-09-01,14.725859424122053,13.697161808893444,14.918940411716425,15.008075869913792,14.897297750700504,14.813529313090653,15.301708120722651,14.063078419750305,15.660410308478458
1996-10-01,15.035651462492135,13.216639088119786,13.391131764631679,12.981881809893078,14.420976103077905,14.565549670046973,12.672196525233787,13.574077261919069,13.572674121194746
1996-11-01,11.29636825429816,10.056621510527243,11.955420255879671,12.04069771035793,11.857537160693948,12.442117920255434,12.11302946872034,11.294646544866266,11.685767992959354
1996-12-01,9.559999766628069,9.385184943763996,10.456908907250817,11.290914787734124,10.215597936900384,10.51496748881617,11.398306782587852,10.178228020994263,10.545354057899672
1997-01-01,9.43683468738568,8.355539694135363,8.945954740948721,10.83160870556189,8.946773305269968,9.039380043730713,10.808932320137194,9.54012581247691,9.995841146322151
1997-02-01,8.716194947050491,8.732524311948557,8.646476784988693,10.974032989735816,9.381751071390855,8.562921100979828,10.187444444422097,9.3025759890247,10.063177073099293
1997-03-01,8.40816215573073,9.32172823911822,9.370590651971805,11.142872654371779,9.466279148454754,8.20517104088663,9.580607272442801,8.808632686613597,10.133392888247279
1997-04-01,8.617165733989083,9.469872607087844,10.200868643821886,11.2913368860142,9.761535904685454,8.75377360141583,10.978750448577467,8.274683286388715,11.332624991274372
1997-05-01,9.7615122820276,9.83171413188232,11.959542517508714,12.232124492357592,11.148691429331805,10.168542524760516,12.594035705866474,10.922923224781606,11.86759622346095
1997-06-01,11.528195593796324,13.402633918431434,13.123452551105242,13.950206030857371,13.6872179857163,12.036236896253278,14.486643114519527,13.225776564889966,14.396801286113766
1997-07-01,13.69941506833912,15.371484239188604,14.38307801075311,16.015242886363446,14.794985854854627,12.768055818098789,14.772034227534569,15.145304970166967,14.907530072281425
1997-08-01,14.704072008115046,14.450433376467485,15.838952895046544,15.922381464386113,15.664921793480744,13.713403881149704,15.658120592086616,16.95269101390022,14.28927503944021
1997-09-01,14.18231022256264,15.19550758027901,14.444402936287904,15.34821285846823,15.10386911261153,13.925095216808904,14.90603529551869,15.438382493919724,14.44199545036698
1997-10-01,13.677603680420535,13.960275135966668,13.47289954317961,14.710655515052093,13.733297134845708,12.774530433872972,13.467438000425712,13.77358310482146,13.98557844676472
1997-11-01,10.965817527749824,11.928177806831947,11.568219749751856,11.828458066069436,12.380957824080458,9.683275516278119,11.709422560376153,11.943531748277893,11.91721197575632
1997-12-01,9.03232657005574,11.213599896310573,10.616589143146053,9.587191207465318,10.357856623564047,9.312315422326602,9.987852939635136,10.649796817759489,10.364226255572994
1998-01-01,8.675027876394768,10.531620810472486,10.310243757555098,8.851840910334662,9.287946284995613,8.86539322889337,9.683176578639907,9.97751871883873,9.928684155964767
1998-02-01,8.599324343241758,9.320914646232687,10.138626376530407,8.930341533472172,8.939470293943183,8.773039598229008,9.415895724158805,9.982420016846335,9.480619969450562
1998-03-01,8.688060000846995,9.19840796478181,9.477454253687384,9.356234641592463,8.870981785401344,8.242565984460986,9.298119080119198,10.303394348126416,10.81723160149124
1998-04-01,8.773683688379407,9.618476502186445,8.989419425788846,9.85360421380923,9.854606054488924,9.770585459733844,9.960792705900142,11.095163716519835,11.41142424581717
1998-05-01,12.757026553784804,11.206367965784967,11.135765875894926,12.107423341139967,11.444487438219445,12.228963522191279,11.224043559340537,13.550959443084176,12.729105463379765
1998-06-01,14.636135019143104,13.080208708264834,12.464650104986625,12.704301612498655,13.777149871913162,13.255290032068705,12.30301145593758,14.659810211165011,15.496826446007619
1998-07-01,15.333611656132641,14.004076335997816,13.767847399071094,14.446935149524426,15.580795247705442,15.323375954135075,13.783879360068125,14.72401652177582,16.265525221954434
1998-08-01,15.639677139220545,14.95736118992892,14.94254779650447,15.791737363685346,15.447980405171007,14.772900453495714,14.702663154702226,15.22812333421458,16.579927798406395
1998-09-01,14.068368837524268,14.420696892362932,14.387466214842688,16.202814280202535,14.877340163413448,12.900086150904698,13.52658509682323,14.64708169204975,15.18179959213158
1998-10-01,13.980374839787656,13.011735476642823,13.832877125908599,14.257833717422988,13.021665469455385,13.667826787272293,12.98619768237147,13.111086084971154,14.269555692993684
1998-11-01,12.287803244008966,11.121191095585942,11.730435583200336,12.301764316667395,11.411324845566178,11.70697841713732,11.991931796201827,11.085890916148713,11.976637636207233
1998-12-01,11.373188227894039,10.080355249752877,10.14231438072114,9.644128105327539,9.679686555711637,9.73583332437106,10.527849139443259,10.073440593101267,11.56445979126898
1999-01-01,10.671013024625406,8.686510646233847,9.821403866651671,8.902978065125007,8.989275810870057,8.689793604048669,10.341548433102982,9.59962504315442,11.109494735927555
1999-02-01,10.322430779931263,9.023247921807188,9.554592531316294,8.23005140405164,9.544569984511618,9.191234801722311,10.0310724173809,9.45156016925072,10.102451328538613
1999-03-01,9.289822439478877,9.370037439762877,9.055808805702176,8.894292870406229,10.225544958123717,9.123844978238324,9.87469020656785,10.462414616146887,9.849629752292554
1999-04-01,9.795002634849542,10.439270644483457,8.74432995819124,10.243337405095206,10.826752670563453,9.459947974808628,10.182163298905724,10.964806824100869,9.694272536251605
1999-05-01,11.280679738610823,12.000481251882427,11.415007490148867,12.060239585221467,12.309286137250247,11.836188899825187,10.798726146272992,12.676068866417387,10.507091432105897
1999-06-01,13.22980424435382,13.331056970615888,12.960315308027404,13.209722783485315,13.695220182601108,13.02329050374506,12.610661389450355,14.142756305079185,12.095374591517931
1999-07-01,13.74975920560665,15.980682021472704,14.164877657217527,15.131646154697025,14.422538129297507,15.221493494681413,14.212293686518624,15.619437091096506,13.537943239747102
1999-08-01,14.03197538698933,15.225124198294287,14.379175552916994,15.787235439821231,15.773131781919925,16.364435441302515,14.58159104783084,15.918588238147914,14.794497262768484
1999-09-01,13.190050600623724,16.051242300900142,14.025140794354146,16.46100986831297,14.933556214965535,15.457728509446776,14.707031709321535,15.425162206978495,14.769309145589224
1999-10-01,13.013611542513713,14.150742273748422,13.167601342318944,13.471785689454595,14.785190995984195,13.724295509159965,13.635600982443956,14.293351823845232,13.427475426658578
1999-11-01,11.75444120441797,11.537728251495086,11.217312447009787,11.04805175504694,12.655259009580266,11.982258429625366,11.998766499130015,13.35976583554588,11.658135574408561
1999-12-01,10.356411966230368,10.326824574401476,9.43552250348938,9.619337295161849,9.673471274560502,10.546918179636702,9.224830598190652,12.47500659204673,10.308990971842329
2000-01-01,8.32685805622179,9.529203158848226,9.557788109258393,8.957867104565413,8.906293869145848,8.978606593090289,8.493666931671845,10.993352507681443,9.697769144828271
2000-02-01,7.57325260226418,10.444226390798773,8.375824178064574,8.733617004682126,7.892086878980602,7.5961381529176775,8.572042697909254,10.196996314799419,9.929553561201324
2000-03-01,8.667063131834082,11.084545104179952,9.580890684764963,9.141995761816467,8.16835799185555,7.680497276157508,8.384760875338168,10.3698839375487,10.750464249870472
2000-04-01,9.06027158385,11.589958028706524,10.768902926324632,9.678738512301383,8.805615558221696,8.224561963509768,8.866959494155578,10.713395383544238,10.433655697558901
2000-05-01,10.409751731130127,13.85605530056054,12.880789699778344,11.781018313005875,11.124747217389483,10.018579029757138,12.523336895885885,12.807519775900426,11.828328699830463
2000-06-01,12.55041210922589,15.204076114609224,14.88893199964339,13.465456201737904,12.564476708789744,11.954656436213362,13.415954063249993,14.960415983937144,13.991368436275428
2000-07-01,14.323856032693849,15.104564924468837,15.644625617873947,14.264654954374006,14.121815859533966,14.241962877207909,14.51515347550083,16.713799491610565,15.705848245155464
2000-08-01,14.659237111720635,15.46007633185757,16.130241211461833,15.564593927516556,15.269879196411765,15.31572705233348,16.558709702738312,16.471622232979332,15.900071163984745
2000-09-01,13.55079612643303,14.853326928613393,15.17772134121624,15.055897807910846,14.291222360137358,13.895284115877653,14.786330438576323,17.3311864466259,15.898584245831543
2000-10-01,12.270446046792385,13.331910066086301,12.917534081225426,13.747574895096733,12.380737961070105,13.551038063929438,12.389702253633068,14.623836940729456,14.428987703813354
2000-11-01,11.581169242010407,11.962850764336984,11.790849689601052,11.8330655311144,11.507513820106551,11.689257177941489,10.365280784868562,11.150896469137104,11.912363122943828
2000-12-01,10.52083476989243,9.775907702939122,11.0949013517961,10.551599962298779,10.383585229221863,10.307194819924408,9.949310466326287,9.781112611964108,10.767865894340067
2001-01-01,8.473675200895821,9.944036495065324,10.775170108771727,9.77963609324992,9.019521797738603,9.815725466700457,9.37132888721017,9.791780458036127,10.964726657215797
2001-02-01,8.700778662612569,9.572608638220224,10.604194031432463,9.2358177603049,8.242122733664804,8.71650563390861,9.385945793814994,9.44653946459782,10.747472849564815
2001-03-01,8.243799161426285,9.298049782943064,11.185729565908025,8.634299821834393,8.243475883272879,9.026610325692698,9.931632195982523,9.333897289775926,10.43443885328801
2001-04-01,10.002589726568832,10.086240105723409,10.97764488219184,9.26919993066678,8.649658670979816,10.178294811134565,10.884207661058841,9.49831104954676,10.574933690806265
2001-05-01,10.945322185514195,11.457120138760107,12.245902945894933,11.899174080983787,11.794507561413267,12.29979608811437,12.677450221847598,10.961300171547515,12.5681067195974
2001-06-01,12.94405130850468,13.473605311751196,13.879845579411429,13.672042916321864,13.566669766704564,14.292209871840305,13.425720850247455,12.34609849819116,13.67696843921161
2001-07-01,14.380408032831163,15.08019463825978,15.284504405132955,14.00265622339202,15.078896410091035,15.778433912043454,14.115466241252538,14.194228257932641,15.109089283519145
2001-08-01,14.110036653405054,15.405679754682458,15.389500131187555,14.188053884682656,15.311342115114416,15.80567091943174,16.059659273044993,15.56694426238626,15.978134141639174
2001-09-01,15.692166365627804,14.73107218531345,13.391042557399961,15.08284132125284,14.844568677858849,15.82004103371204,16.446399086451247,15.995470578905584,15.596538558236396
2001-10-01,13.665577768662455,13.339701107472152,12.886849102426195,13.681822779730147,13.428312554231026,14.962002575324762,14.059937179954705,14.351739565075837,13.838220079466796
2001-11-01,11.555484753141675,11.471735490608733,12.077529685073705,11.447050948392794,11.216742755955831,11.967976575948086,12.52701506489467,11.999572317807205,11.894817039960403
2001-12-01,10.300187245725077,8.782396730492476,10.680328138972737,10.639661573876182,9.62784913030175,9.66389302182636,10.415945663720645,10.994018245527437,10.471498662567225
2002-01-01,9.134610920029392,7.71627312123829,9.579251048026187,9.50977580779032,9.300784199056652,9.674095634079066,10.508587734872698,10.844883669335193,9.015230482774697
2002-02-01,8.92750186776151,8.238091148213023,9.668469871244227,9.988650691000156,9.299576160632343,9.212305661684253,10.053354147911591,10.352304162174663,7.418636265396126
2002-03-01,9.526982241942306,8.760402627902952,9.237387010505817,10.832919344478416,9.528325898693122,10.331684998479087,9.673823260254892,9.657954976016695,7.497753095675811
2002-04-01,10.18913065795038,9.133033310104727,9.040321154617963,12.05378250595114,10.532485103899237,11.4152927396749,9.635950529915585,10.718625043650869,8.57591474982973
2002-05-01,11.491258609972249,11.49592618985456,10.42859321392164,13.066535306236858,13.023906373559987,13.086273296813419,11.352644701956086,11.824203600039842,10.399376686442737
2002-06-01,12.321847441143422,12.894757302642514,12.110542356872008,13.841455191729539,15.226447072436294,14.643599990605273,13.454712756794741,13.966884360552658,12.403551447233527
2002-07-01,14.885658845617149,14.390531020635354,13.745122609711075,15.685947876891134,16.158095441660535,15.909020583063473,14.644787876453785,15.719183272095838,13.391953429949037
2002-08-01,15.421553719854813,15.243452079274066,14.870935808212426,16.566016889236078,16.769771248697467,16.89412688650713,14.98975773453208,15.789553818820648,14.217173889270803
2002-09-01,16.14246496935382,14.686943888297515,13.818201696959903,16.15290408154388,15.759127947759756,16.859065205891035,15.82836193538202,13.817555201468394,13.56579850592641
2002-10-01,15.101895053976437,14.45374069034092,12.385890537968786,14.802648323257635,13.673859154859088,15.20457243680123,14.83357191578182,11.704244277325316,11.721532436574805
2002-11-01,12.753231898131842,11.865205067253287,11.303576790049679,12.88096770837817,12.09766643083575,13.179763740456607,12.172294541686265,10.514849789249489,10.438882715488933
2002-12-01,11.54979633608147,10.413447283560656,10.383854791100239,10.84866024203676,10.84446842644463,11.801216039755001,10.174942247883335,9.529727500489352,8.956455335234756
2003-01-01,10.320449651034915,9.958790064653515,10.025701355016253,10.183664303618189,10.719652910958162,11.15259363646592,9.700055872954707,9.391898932090609,7.241254462172289
2003-02-01,10.357046756783326,10.124131483681165,8.741357563973025,10.318527346512433,10.38999360110772,9.691046634308805,9.512972520467807,9.006246050662918,6.628496900233099
2003-03-01,9.844205051397298,10.718658357684314,8.779703623615216,10.094418484350994,10.561784562369693,9.171966793479065,10.48938609463455,9.423580005453877,6.360093854329265
2003-04-01,10.423709094714964,11.444875751035454,9.529495705006164,10.588209098512568,10.40348598119732,10.060006646351688,11.10995183707241,10.030195872745132,8.41827573481344
2003-05-01,11.385713287761162,12.22308367012554,11.830272436238037,12.369093536996026,11.994345353999607,10.456029112204835,12.611264115916386,11.747623527387251,9.92076956880976
2003-06-01,13.731521597670953,13.7565610931581,14.08301114918715,15.452213749117409,13.744727129579948,12.345083721350573,14.714257788813152,14.02708185456901,13.040544725668498
2003-07-01,15.122448508598444,14.542146451220507,14.781630604460672,16.642290926904185,15.223046600953266,14.962913821802466,16.22254826680822,16.378859447016932,14.365481194794663
2003-08-01,14.691056094263814,15.897729925792696,15.574652074309233,16.743232525764302,16.79541171158403,15.685532435567188,16.070981928604322,16.870266597849113,14.493153506599658
2003-09-01,14.681082759735448,16.2319242346434,14.331367677593596,15.154089104284608,15.851277677195489,14.166054269093506,15.415513771545596,15.139834579596164,12.704642345810083
2003-10-01,12.82343673565309,15.971205763853176,13.481338658896986,15.145252214555025,13.749889959460225,13.845233848061076,14.420563289205775,13.670767551216445,12.857131211471572
2003-11-01,11.4983874313444,13.221024684367846,12.438019278043521,12.307494775227912,11.925462617448234,12.247519506828153,11.857188102082839,11.883573634292375,11.29686137653719
2003-12-01,9.763193641200786,9.450150768160489,9.199934551960244,10.702492744117679,10.971898918711886,10.383305492547372,10.58040824580904,10.961392662097118,8.94778794673059
2004-01-01,9.052698549600152,9.372835000000933,8.977311097083799,9.930174025640296,10.33486654974185,8.621730162336691,10.893895110821118,9.667807569067207,8.513747565173384
2004-02-01,9.461545322266662,9.176346033480405,9.724753670089754,8.345363835140764,10.051136477526523,8.197379995180977,10.841114215159335,10.022879425422063,8.728749343634835
2004-03-01,9.729277196651562,9.947584947469696,9.37738411256317,8.196032347882996,9.852157888146422,9.05594288617379,10.746311516563456,9.961957384802194,8.756093403159225
2004-04-01,10.746922886278293,10.434892392896478,9.789613587909553,9.256483121979262,9.987069266333645,9.411852145346652,10.753319697122727,10.41722576922063,9.583933090346939
2004-05-01,12.472673576696527,11.944941924383366,11.891501007519484,11.523158640805011,11.50516795243885,10.774847305514331,12.102003615923051,11.55154612623774,10.754439497628264
2004-06-01,14.569028256908126,14.29914234518311,14.583949575222142,12.506967659538386,12.967360834659493,13.778854557461596,13.803987394358325,13.199124213373326,12.890626020836018
2004-07-01,14.948999505316195,15.82013103130443,15.405105968290446,13.25173764588046,14.463279212565546,14.989348053331161,15.121202915043565,13.49968011661392,15.102739972142865
2004-08-01,15.727378583262038,15.339671601267446,15.611636399288269,15.19163542698363,15.682261265529885,15.658044676320314,15.969646769140574,14.084501195221529,14.90653344806707
2004-09-01,15.117070729561341,15.714867289682848,14.583464476987414,13.761699068994506,14.471225601782098,14.104566461277988,15.667218579649838,14.138447328924427,14.96331509026978
2004-10-01,14.68901289927016,14.86707239113997,12.42879975482404,12.345955916293535,12.623327156669966,11.146143040194158,14.10309072702108,13.781083796858196,13.16490281243872
2004-11-01,13.137591934392713,13.474846967126744,11.017885067575307,10.44260649927591,10.901781979736713,10.254431549891027,12.317568021997294,12.149987222927628,10.461362092299709
2004-12-01,11.645765136477726,11.317537522574932,9.89078361781953,9.100053796101733,9.920044583421928,9.480222091402018,12.089942453070162,10.203880205415425,9.024812050075512
2005-01-01,11.453221293452613,9.246254230130747,8.641377385857682,8.84751978908384,9.517206786552675,8.994540756047094,11.429219841933394,9.23617155147456,8.22485883878037
2005-02-01,11.328311186318107,8.832741788441064,8.295786138716169,8.154267394307755,9.585658739343527,8.017628460573674,10.9924543241098,9.293460004625388,8.773748166961413
2005-03-01,10.927025200787414,8.275588982532211,8.148306187320426,8.508802179399504,9.949065012147493,8.287616750400309,11.235899886370056,9.342964759546645,8.177002277241584
2005-04-01,10.883265905601716,8.53091835171324,8.711163780598827,9.377742525019405,11.66079452807743,8.549248454346358,11.715016771763127,9.921592789400057,8.539081006645834
2005-05-01,12.868365430019374,9.643085411014418,10.68321170591016,10.485627070192685,12.520444952194635,12.117810519573144,13.627597404512914,12.058879582907608,11.203236507761968
2005-06-01,14.933639825845642,12.957645423031714,14.775279273263195,13.143754040892745,13.340494474839833,12.368082361622513,14.369174439036364,14.094089092169833,12.938258019352935
2005-07-01,14.926768071751116,13.782473488850071,14.171928859259891,14.561133305118876,15.691690913386106,14.36912225010273,14.96095226883086,14.425250253097268,13.618407443916201
2005-08-01,15.667960676844109,13.927009984074605,14.38932497684236,15.163969853829913,16.917337944867153,15.583773686266987,15.698487834143062,15.076225021522172,14.455575373430547
2005-09-01,14.956946169384773,14.673711219905634,14.294263493833649,13.716944272308352,15.939175598839107,15.346585651882071,15.21598896214774,15.576988012893226,12.809572412751013
2005-10-01,12.460954803804972,13.519532054010579,13.443224651306537,12.19596258504695,14.997755759189696,14.755104527453199,14.514761017777648,15.366879773144026,13.849959338692358
2005-11-01,11.631167926099545,11.944441531766234,10.830214188057745,10.528738059326637,12.717350573411267,11.065566594493713,12.991282944855676,12.58166509174418,11.202149309000784
2005-12-01,10.10877276831059,10.007554131945945,10.238921613583699,10.439548675815136,11.328092150340055,8.784518349732087,10.652140016036741,10.082240773035439,8.708309359832112
2006-01-01,9.645907368499072,9.487151504693848,9.150170640191217,10.062056961117984,10.656519059289746,8.258817830989448,9.652392913234396,8.996269960079553,7.854176018512414
2006-02-01,9.06131210647048,9.906422587369377,8.750080962866809,9.895980855804046,10.008968536405751,8.201432953779873,9.340751843215745,8.47976624879777,7.945444571413402
2006-03-01,9.000757830760369,10.494709380535284,8.39448102719211,9.524706032979868,9.732626919599586,8.352672759260617,8.429295192153916,9.20700963868208,8.15144886122013
2006-04-01,9.071501809852561,10.315087489427047,9.514555918098845,10.076726568521924,9.626550838188118,9.40946164256858,8.87392700965142,9.147615294789713,9.23448969338568
2006-05-01,11.795120400066352,12.614398474207782,10.378489622545573,10.380203254211095,10.611613516871504,10.289736083954528,11.011334020179312,11.04268660528341,11.877195853446336
2006-06-01,13.990179116524393,14.031208913836995,12.43068377195057,12.371209178388867,12.651186699424017,14.001762929949253,13.568768347288914,13.554433626259446,13.52698986801676
2006-07-01,13.9024039923053,16.012037140596465,13.6380957666586,14.230598293961767,14.181850948031759,15.39678867636251,15.735343739193162,14.37093891878805,14.576922857592297
2006-08-01,14.833476720577085,15.704085721253964,14.451468564536011,14.969918564183304,14.544532329757091,15.796063973257887,16.647078003457256,14.25985414191959,14.805603174817374
2006-09-01,14.0900348148474,14.544270265410356,13.944311984870925,14.288232881041653,14.724670461725204,13.835186247066964,16.09193931413678,14.608112669391458,13.694989220899215
2006-10-01,12.999481312230115,12.141110170192356,11.795642696244858,12.967893532451775,13.580210708448307,13.824493808984592,13.688251855360509,12.877607180409765,13.019314471879982
2006-11-01,11.368177592957387,11.155262162066641,10.367089387571166,10.29583523862716,12.441435465060618,12.432715951221848,12.377698136752851,11.597800344175566,11.964089014477732
2006-12-01,10.45913076736683,10.097262571015817,9.049643223342056,8.240510135196942,11.06229000944062,11.110289990466633,11.680658930163887,10.29448643996715,10.7346021086965
2007-01-01,9.546517554530238,8.199330448002781,8.04330074794572,7.9768775565436,10.91935637746875,9.71002600865556,11.888427105043736,9.001525721703919,10.980631769131648
2007-02-01,9.127360758758236,7.8024723798043585,8.284456083350438,7.948581969438232,10.221737061519978,8.866262613718446,11.798593895717197,7.945682530202322,9.607507163620546
2007-03-01,7.973768276723042,8.145517927058073,8.297834085694625,8.080161341591989,10.05821091378601,9.257176268808148,12.086650311110251,8.041671876019548,9.441624893815845
2007-04-01,8.769862225798901,8.621521571884305,9.939673337557792,8.036321841922858,10.034028965805863,10.19285165207425,11.86407805160334,9.140238398188153,9.882653248787634
2007-05-01,10.240295593333432,9.76308253725393,11.997942891395704,9.454644040627153,11.007604079967905,11.898018826958088,13.206131427136722,10.5333213423355,11.049258351171206
2007-06-01,12.264396257769494,12.144409945640984,14.356308792248926,11.32315625632566,13.338196523230732,13.712847715003662,14.914934508714735,13.293553106230114,12.302811409906822
2007-07-01,14.737095288773597,12.944571719058215,15.63015138250976,13.737120563708165,14.319525987680324,14.953301004739512,15.042631888280294,14.638794333693786,14.879480817793299
2007-08-01,16.033643483735336,14.5367712509562,15.852159617943304,14.14541800078863,14.945876563908438,15.748239678617358,14.712545463509093,16.124288265152632,15.770376621320475
2007-09-01,13.798335305200961,14.246029795739641,15.531558747678805,13.700657467771508,15.845091528561769,15.796555351785456,14.741901347829172,14.747921127142096,14.96168552765719
2007-10-01,12.452311816789296,12.802266040884097,12.932084272585096,13.926374089137257,14.541636202805398,14.037350603693529,13.83499347163878,13.807094924707865,12.716440749166601
2007-11-01,10.34218507134928,12.038670660125037,11.493515950056205,11.796615832406914,11.876016408992276,10.435497969284343,12.14287444020118,12.032714377132544,10.599862944458625
2007-12-01,9.535496552539561,11.507923859520204,10.657364705919473,10.37156902685457,11.11156978848037,10.28659349590285,11.378200023886226,10.905382677037029,9.252113769906156
2008-01-01,9.981669294307109,10.606150358078427,9.811938063745151,8.414361688443062,10.44901456018962,10.46436700516506,10.713119149231787,9.37734967298164,9.266376749197944
2008-02-01,11.120199408958351,8.905186061801388,8.537091950684067,8.266252941922254,10.035185708170888,11.150543402633138,10.373317908644175,9.36568136924599,9.54433245529526
2008-03-01,11.856236444389095,8.295778580956112,8.615667015351582,8.720726398140927,9.710030017279248,11.40645831600026,10.961088681885538,8.655728387865548,9.515578132723714
2008-04-01,12.47369912881044,9.054415645249744,10.204340103517733,8.956522513857239,10.094068203875528,11.76388493465376,11.606547836594473,9.801470947239112,9.673380643735602
2008-05-01,13.613483925133927,11.23498842724064,12.371239759008365,10.388172101615002,12.034633849841391,13.663646406179454,11.813386053034098,11.474714402763796,11.458410982113087
2008-06-01,15.032061972217136,12.418289525846767,13.720549950711995,12.427050752159722,13.686888529769087,15.960358842920597,12.895571161554024,13.346533983273197,13.712522833600335
2008-07-01,15.66690415238863,13.713521411690126,15.056185953044114,15.341640860615218,14.679510911100285,16.438480276920842,14.404174684706485,14.5359126025159,14.648367689619702
2008-08-01,15.573921416121314,14.77380895826258,15.517892356943836,14.639450278591742,15.34412910495234,16.813807590150482,15.430648833854676,14.150541034557865,15.975555128535579
2008-09-01,14.966957667452451,14.908234133548277,15.395654834036774,14.635250730954628,14.770048955074305,16.872145116665642,15.985491612953085,14.845469571326554,15.095583882981314
2008-10-01,13.783288361191206,13.159566048390221,13.941831390655356,12.541600703898313,12.744553712055302,14.899416845392821,13.702401224794807,13.818505995450366,13.412995492873367
2008-11-01,13.082046580510092,10.302419739363227,12.116063637029848,10.472825971890561,11.319435222075901,13.194118404770164,11.70723208742779,11.397258154334034,11.604430107986953
2008-12-01,10.686602250820053,8.91115093125484,10.598089565500967,9.62587468185337,10.149515412086252,10.829825448528624,10.00053628540156,10.955399177387443,10.350102919873999
2009-01-01,9.857360408347878,10.886821384443019,9.48146593545449,8.632194842173886,9.287397427448235,9.326046553490052,8.9300460179705,10.663757031086485,10.011412608077821
2009-02-01,10.426737604374676,11.599764058789725,8.817144349508672,9.237057073136693,9.138730518003989,9.473417709708514,8.896652242419528,9.975408402978557,10.003579601665248
2009-03-01,10.875886294952133,11.506137910905066,8.384878818152094,9.729782756494613,9.26404785543517,9.48633771575109,8.764244592711066,9.992721815907986,10.574724216304691
2009-04-01,10.223303244115543,11.895252844566492,8.779690162810674,10.742907423429966,9.565570570671039,11.141771743614688,8.72900120363693,10.012669154712414,11.12263523437358
2009-05-01,10.903857624069063,13.18060004702157,11.849808885441986,12.189292635955725,10.645592810414252,12.862145767385053,10.155135641412992,12.143039843640235,12.602469868474024
2009-06-01,13.721170063351936,15.472145838153224,12.742881737088995,13.55819577260442,12.406517837710119,15.010275067791445,12.308438487884256,13.33166471956552,13.697719709629713
2009-07-01,16.120972106600508,16.955622383036015,14.417141469871282,14.72832674667182,13.744364766429749,14.798565825788925,15.959153466653488,15.362415468670235,15.787547532042936
2009-08-01,15.801261240402448,18.98497594777875,15.22186330504912,15.677727488254463,14.184381469661089,15.996964836898785,15.4764125452828,15.685418851479024,16.952074279162378
2009-09-01,14.912176110114336,17.0797780845363,14.919590650036529,14.649672559884053,15.097081341547156,14.592237004571693,14.207542542472654,14.66411878424552,16.293223186670545
2009-10-01,13.819490776856258,14.728913345360267,12.630238990320105,14.341402742845403,14.816887278916035,13.633744398406813,14.687822818293741,13.51282427827327,14.678273047331592
2009-11-01,12.567842249795152,12.760377238789275,10.78798827911866,12.365774239859785,12.94492388808808,11.988798106898098,11.877103945528908,11.737828811036572,12.339587539850982
2009-12-01,11.419500691720419,11.5046060477619,8.93810490683077,10.155501931929287,11.219415043654717,11.386457022481826,10.598751490274628,10.352980385533003,10.459782058497803
2010-01-01,11.113022193806794,11.315633582198233,8.193736248473554,8.341749964713516,10.666229761935632,10.164709822764072,9.826888310642424,9.555688267444378,9.069836395043751
2010-02-01,10.437884958985734,10.74524494440282,8.453247138512344,7.416474380595846,10.455626585282845,9.515852423415588,9.340089073407503,9.436540254726342,9.551511291553231
2010-03-01,9.91170297348739,10.57833897306868,8.418302906765998,7.621933357797966,10.52317278220894,9.028173695725327,9.51421149346557,10.480543546589542,10.150364944313521
2010-04-01,10.795338039046516,10.518811462461024,8.806352216939976,9.909171335021675,11.398797475260725,9.733501419616127,9.595336594883653,10.918998085071372,11.02693502377291
2010-05-01,11.724217406569164,11.286837938024545,11.364059310105354,12.735017341237564,13.69149730857378,12.179465780570395,11.701195241410241,12.4581043875469,13.36729473061948
2010-06-01,13.027310598375454,13.439177119717705,12.468150020223137,13.675745504572108,15.855531847382386,13.8021673729704,13.829255993418837,13.449329517818589,14.079210951473966
2010-07-01,14.368120971248816,15.744846820769265,14.576300057441888,14.872702656970874,16.7240538152531,14.231165220343756,15.62002352646193,14.371077099729753,14.831970029607225
2010-08-01,16.18671887132017,15.936675869106535,14.982643113251276,15.894652181703364,16.872564040970477,14.128990958316107,15.914540985129642,16.253518411168773,16.136105713512844
2010-09-01,16.732096102636973,15.350288851008019,15.180693621555431,15.991399770696079,16.398387673989575,13.202654030638394,13.975749381520352,15.730478074445033,14.866991806487992
2010-10-01,14.83345092746618,14.668225602267787,14.763049452867751,13.928716538635097,13.211982406095025,12.500560958873816,13.849804619201336,13.551619420646505,14.561354749874646
2010-11-01,11.988910598950975,11.012847192439072,11.94877040495543,12.782086577473269,11.135941552191674,12.024083700188784,12.341207524322787,11.152426262781328,12.727036076867995
2010-12-01,10.171569297645267,10.162557856829457,10.924854961051473,9.535321412553738,10.07474784717757,11.372432537452116,10.228476075757962,9.045968153157169,11.635762236900314
2011-01-01,8.90280452851606,9.067552630518897,10.374834754213136,8.294817488647249,9.673281240945231,10.969092104871097,8.449012175487617,9.408607501035666,10.541894562825698
2011-02-01,9.259328639841835,8.770339175391232,9.707801375063358,8.454357807861491,9.871587133033682,10.526472624538657,8.305090912758656,10.126120188196678,9.094074203993962
2011-03-01,10.191995579334435,8.19853066638031,9.198987113355024,8.696168640934646,10.060473152887909,10.440393520468787,8.307876916761613,10.128609241045519,10.226355123283582
2011-04-01,11.842300731136055,8.577871118333897,10.897035963379588,9.988567679435636,10.95842251010995,10.7029957125879,9.116097092157784,10.392095441159288,10.66274306389432
2011-05-01,12.88476071139216,10.345230506952557,11.775262194672475,11.430249006915181,12.794736157298331,12.483344382325456,11.821403060479806,12.296848218532212,12.131543946312613
2011-06-01,13.882328167762804,13.130838025494091,13.553793601597047,13.02188051044588,13.681571041130669,13.948582343029244,12.965116396247756,14.394621578139839,13.276891872699238
2011-07-01,16.31526434691329,14.296935823479453,14.903680261656994,14.915412079875445,16.544357186235853,15.896544214045086,14.210717469585118,16.356246054491542,15.667869572242969
2011-08-01,17.189575020359772,15.219315694212472,15.342424876025355,15.73773396947417,16.295748885063116,15.730480930977821,14.804940842448303,16.056627730858377,16.069855080158344
2011-09-01,15.262373687728374,12.827859342351351,16.333458630124454,15.19466625289202,15.572230574065626,15.743935854321522,15.087954411806018,15.039720069871203,14.661028661774845
2011-10-01,15.22947380716899,11.821981001788124,15.112240577130473,11.833559447727144,13.968970900955966,14.521468579522233,13.842340289620084,14.237286111190565,13.532123948110288
2011-11-01,11.298483942723973,10.440626879317792,13.363653141840393,10.992080449661833,11.677058356732411,12.015885795890169,11.97735291096217,12.256166127515119,11.886604185556868
2011-12-01,10.366081398466195,9.238359547086326,11.722807367370537,10.423399844782177,10.768962784914113,10.05873064542691,10.216525507661114,10.163004122627449,9.878762514311786
2012-01-01,9.937292118783242,8.70598259427739,9.865893773698016,9.6612200597738,10.21270268383747,8.893087144373544,9.576077529474878,10.676698531484158,8.311157809164047
2012-02-01,9.691787621406366,8.992252870595431,10.79254692626503,9.386257359982897,10.113821536207443,9.209681403069817,9.919348373853481,9.189201701349289,8.169497690948623
2012-03-01,9.703514946712511,8.997272388869812,11.076364032875953,8.874421498162171,10.592011035322242,8.867645862557046,10.673589993908315,9.20658213449078,8.100080699003204
2012-04-01,10.916332404087024,9.60409895131104,11.457437685807875,9.451744550961935,10.661862192636743,8.69782972453592,11.544046929584384,9.963021647354523,9.574796375959462
2012-05-01,12.432529573747392,12.204542223308575,12.653309848367323,10.789492648997388,11.720151693194197,11.19027128480299,12.82335823147059,11.406189596322188,10.49212593194611
2012-06-01,14.191274068408973,14.70594482929774,15.19931127274588,13.800447701817731,14.004621146540599,13.817049008520494,15.838206412201107,12.986748932230013,12.238826459045939
2012-07-01,15.934876469173672,13.507332738676501,16.807430251157264,13.825680945852517,16.214970954901098,14.435951511359026,17.538737759330935,15.601549013422355,14.731711839457613
2012-08-01,16.888989447152838,15.044245400070471,18.009633105388286,14.709752815978634,15.451375429764376,15.778493684812345,17.524673851042955,16.52109095086512,15.207877039444085
2012-09-01,16.272995970188425,14.015357864740992,16.279631699784293,13.661595986685331,15.772510511254152,14.397917497163894,17.915297164417122,15.370428002590824,15.140369084148283
2012-10-01,13.842303723346314,12.817176399795306,15.400451281782296,11.199671052906377,14.677533102767105,12.672759645301015,14.788000105241066,14.882142549860461,14.744322774756752
2012-11-01,11.825397827736936,11.255718237871037,12.04322767332468,10.979633545325457,12.641187230741599,12.052413884829333,12.55669444458436,13.491726335659456,11.976274152750666
2012-12-01,10.373681041788068,10.031579887540806,10.743642580684924,10.428162754746346,10.556100805185565,10.89422283429028,10.221402373247145,11.14449048708822,10.623464721088622
2013-01-01,10.49025182849623,9.766952205850394,10.63731000028741,9.668617792387426,9.78858752561685,10.532198661898548,8.474738790937526,10.70598582484984,10.434463688035668
2013-02-01,10.354007692284704,9.074064808823604,10.561179467381784,9.120027337438069,9.338330767469452,9.928252319784225,8.672823747639757,10.629489775512404,9.855208656124367
2013-03-01,9.657535386716797,9.165539729715757,11.570032447061696,9.56221499078056,9.611639564240823,9.978999201616904,8.383182685315465,10.369360678616824,10.554724353143271
2013-04-01,9.672026597162832,10.620121992204476,11.465528238111832,9.535001976177911,10.707283661729226,10.361789924321467,9.171806573202161,10.58034142092184,10.565607083567876
2013-05-01,12.100526045255027,13.010321608609235,12.324669071859072,11.11698482084878,12.242705836964625,11.461428607432985,10.962006436328444,12.0546938827776,12.919329010301416
2013-06-01,13.833183359160627,13.238763760970931,14.367156023216488,13.584598258151471,14.213810267379491,13.087863921463466,12.723834400931814,14.0823262129635,14.602339648686957
2013-07-01,14.818879078478592,15.269257536717506,16.37966573308387,15.415699703844199,16.231861513081743,14.550111533969913,14.043641267851589,14.691980781523778,15.03108174373346
2013-08-01,15.67744671947524,15.897309897210008,16.744005224105805,15.70057769058746,16.362846606846368,14.394350325989516,14.323154898947294,14.688011388627725,15.878159425117436
2013-09-01,16.141802115429023,15.166219333963596,17.24086874815174,15.28066584621515,15.174194972897382,15.200524824964097,14.333930469191507,15.109978342076266,15.809785220019595
2013-10-01,14.20833842888072,14.445194319100525,14.856597128680773,13.680840596578872,14.771535041498232,12.609854513888983,12.099189058381901,13.607989844787125,14.09748431406982
2013-11-01,13.961974681811135,12.438411103574893,12.844612150756149,11.725788145649332,13.263733186886355,11.173660262738883,10.230344292183933,13.10520181997934,12.44529900824159
2013-12-01,10.703933544817913,11.032239776915526,12.05363709191868,10.390520938221032,11.509002651150839,10.60274234472178,9.322971953506961,11.567538529924159,11.04179919858982
2014-01-01,9.634422630151679,9.373735939320515,11.247405671890387,10.14004480973133,9.592344310904275,9.744185622928622,9.923848337386039,10.147477588010872,10.388342417017348
2014-02-01,9.796255482228288,8.84769401180518,11.430383845086805,10.270187368237265,9.136198785013608,9.67177333121552,9.615985209468418,9.42644996425133,10.41988610601829
2014-03-01,10.361450321670317,9.72746301558345,11.708103107103126,11.130375346841841,9.454859568513726,10.305427533042637,8.746974846754009,8.889824120020739,11.301512044646307
2014-04-01,10.805425150624464,10.135465344466308,12.272223504982787,11.56332563507879,10.37407527419617,10.256179368100693,9.458939987645003,9.853453830289038,12.400057535280274
2014-05-01,13.418320808578274,10.741788854683833,14.37776034413764,12.821360180725884,12.993458444570555,11.554287072004369,11.390753779537738,11.215389054789494,13.417209245728795
2014-06-01,14.906514659556134,12.577272815044427,15.178554205541873,14.8814926674557,13.817900686852493,13.578739884655054,14.59176446548652,12.253627173637874,14.212868298589546
2014-07-01,16.333117421257988,14.155451881432027,16.108569393404412,15.32463344872954,14.858119126972785,14.746052248334534,15.073671840705176,13.130033308968846,17.369230525316766
2014-08-01,15.956715029808256,14.990384653901572,16.501217654624632,16.671706590129983,15.323239121536904,14.96780397797222,15.315450840941873,14.140986068132172,16.174378986709538
2014-09-01,16.119802875708803,13.937345514447026,16.13968645364995,16.663298113331702,15.250987997598381,14.84196705069724,14.416960667926269,14.207162084622647,14.997327876480334
2014-10-01,14.28690222013853,14.125516941546008,15.868639620649965,15.749156246665276,13.121734353453697,13.968841135604091,14.052466379039199,13.211488838141456,13.836818957097778
2014-11-01,11.963016368599837,12.521667134186256,13.022019545674,13.170189068489915,12.059454357239545,11.51212903746177,11.2256036712273,11.530677385449007,12.354329548463339
2014-12-01,10.196363253893928,11.114389083997693,9.87862347686386,12.069115162404131,10.372388492034318,10.037261650587707,10.286391326661805,9.209839139827352,11.257531953861081
2015-01-01,9.875130380348336,10.44693705213317,9.570997227813152,11.331256108331154,9.428111139794195,9.390725131077474,8.967269723308878,7.4197664031899535,10.4963178947412
2015-02-01,9.527477067019126,9.649482218891812,9.850764875103305,10.856888243861306,9.501792867179676,9.605914049756132,8.743236559537642,7.926136371003344,10.69356392612401
2015-03-01,9.592492849704326,9.302213954515214,10.31515436646127,10.980292553799748,9.83913040132393,9.888689705673908,9.954712559342283,8.546813531506993,10.556680255066738
2015-04-01,11.260594569996936,10.156114464854275,11.001460080786359,11.369945999597665,10.278585043739763,10.695498514702932,10.876967994646726,8.821508396520619,10.582138947897665
2015-05-01,12.024580474251616,11.755012334477355,11.932383297326364,12.282933072318322,12.450677031187865,12.986621738319895,12.701455289841574,10.382811219974881,11.939844726030023
2015-06-01,13.335890961136114,13.60984711635276,13.644390634632327,14.065893191017274,14.275637597722973,14.096651682290794,13.633902629297195,12.103466850215659,13.48130950089797
2015-07-01,14.871483471900616,14.592675309171536,15.394760564250335,14.902171807068855,14.657748197465775,15.150966417305884,14.213532131058605,13.804973501096274,15.336740297830737
2015-08-01,15.577451946736758,15.322217358399431,15.479216192490338,15.814658207866714,15.682291236860113,15.903934463303909,15.07039228311355,14.763561418928814,16.910579876129848
2015-09-01,15.995555916629092,14.789424676553494,15.578953251227025,15.463917339692454,14.352352916814013,15.654825140759668,14.883863230964431,15.569748489040455,16.11581934651557
2015-10-01,14.910503302729122,14.147599733445835,13.973362873929881,13.991938726371277,13.688338606140269,13.6251981449456,14.3893170782421,14.497882506526926,13.606696062750219
2015-11-01,12.461567917604995,13.273619766633349,12.388906729733026,12.40169718050999,10.819528206858656,13.02280344224235,12.701051921208196,11.647666741741636,12.80570394344386
2015-12-01,10.705776604657316,11.692000936425558,11.037108747342973,10.697542318944883,9.332440625657666,11.438823140337767,11.456724833740882,10.205891309313335,11.593581684491141
2016-01-01,10.283707195932411,10.516132102171671,10.737808666460918,10.562563050265712,9.158314343574405,10.674758952356246,9.269388466512714,9.022159193407896,10.006255793977292
2016-02-01,9.838376950771725,9.61751209776864,10.473467709625734,10.254084720434454,8.925658705495561,10.386768231713678,8.248349938183434,8.895153493530277,9.62491903886513
2016-03-01,10.272000781537836,9.475246474883308,9.236286075366024,9.963160839577103,8.47413937272805,9.994906871840126,8.325910918963096,8.658526459442196,9.244923156378727
2016-04-01,11.243478909948974,11.166084402468526,9.329417339375087,9.539112611195602,8.963611928863982,11.18274093927031,8.863520244790944,9.231232956111173,9.386151563504315
2016-05-01,12.130203625747619,13.527359306822035,11.077202312998374,11.72843626467412,10.508738277989496,11.949733093737324,11.338233802882169,11.381503266647384,11.834483204776399
2016-06-01,13.642754332770867,15.224481645069554,12.449458436157252,14.106470598462687,12.899452572696884,14.470719301126303,12.593853719309184,12.957139164790545,13.356140662630994
2016-07-01,15.230999605684788,15.404717963406146,14.118153940602875,15.423404260754257,14.557949731290098,15.356798063780351,15.449859117750409,15.073805795354051,14.981174967944531
2016-08-01,15.837358797141054,16.348323150342488,15.521180255045214,14.175847800902819,14.794775805992632,15.460383340227716,16.299715265705874,15.35181352966052,16.425908688914998
2016-09-01,15.454965510151807,15.792778587720148,14.814210318889547,13.698759320035588,13.179586753915473,16.57171813202713,14.314329748621088,14.773762571581385,16.779977031134962
2016-10-01,13.493102461181795,13.44612871922321,12.612616704843994,13.997470104154015,13.046726119621836,13.624553127772884,14.692134556107344,13.499588859329902,14.334720058718768
2016-11-01,11.916421903862036,10.854837390898517,10.560541748542581,12.58425403637866,10.65511039428694,11.325345132474176,11.849927873172113,11.755425790997403,13.090799103727452
2016-12-01,10.819828437204414,11.477931614805096,10.016360623413627,11.675981422186439,8.897890668137032,10.981360577253414,11.148117253524196,10.780427129944101,11.419963108647698
2017-01-01,9.909608433313792,11.149779842990696,9.74635392702254,10.878346537925632,8.424923687239694,10.844880306557043,10.682767233470997,10.507310037447981,9.872721473068859
2017-02-01,9.332957658564807,10.712463967611,8.859291504894395,10.786758133590665,8.139363029704217,11.240678263567839,10.35815653497306,10.779815329829088,10.091282993743832
2017-03-01,10.1716699066501,10.783253338658316,9.49834544939994,11.349871392031035,8.988640992345534,10.878412426148977,10.369048261337939,10.955709422808457,10.643903116457647
2017-04-01,9.233468203445767,10.595728018484444,9.45475213926817,12.099390278168302,10.060298357890888,11.068713380980318,10.72191185194198,11.559582507402007,10.224684271910618
2017-05-01,10.264445384823613,12.420655558301561,10.889943061412806,13.027091328578045,12.784428701979252,10.847819103016066,11.975018714867005,12.915362277704409,11.644329524802462
2017-06-01,12.320060950865848,14.270126800950198,12.496478079883952,14.870671913221257,13.210205971737564,12.464093146261575,14.423280729177186,14.451339411282994,13.860168109476266
2017-07-01,14.887075956980087,16.154540899952437,14.686848003090867,16.3783211293123,12.617015144570804,15.033827689412934,16.21901591151783,16.085471304731282,16.087010880214518
2017-08-01,16.12596950183377,17.0860907343603,15.590399744483845,16.827941014842885,14.886592371101685,16.190857179612898,16.851718526908325,15.760821001447619,16.802681041471555
2017-09-01,16.115258857694112,15.033140850567742,14.979889243949726,15.707283601212115,14.883317799142759,15.866276715808814,15.496689241360171,15.35309776558858,15.990518934977134
2017-10-01,14.819756644003641,12.201074246285751,13.166125455870096,14.385654268773678,14.647973419454287,14.35017794943825,14.475825450306303,13.846838629432249,14.867873768500797
2017-11-01,11.718530786728635,10.311406067593575,10.855762396672155,12.547277355406996,12.592654206151805,11.95108555454964,12.788963700151058,11.839057717434795,12.536518694315255
2017-12-01,10.418918681177576,9.709349624138985,10.402753743301645,11.24567865936238,10.545091295914416,10.186408027381674,10.612970807276902,9.942295976925466,10.540281765549008
2018-01-01,10.552070490002476,9.275961913514633,9.014961379551108,11.049007963230743,9.934734209043896,9.074893800531044,9.233663340082103,9.5002371950529,9.930137507809215
2018-02-01,9.920444131622064,9.105404538674977,8.846419560715285,11.55555524109407,9.97391170851257,9.549659174693367,8.657187550880831,9.590797711650458,10.294374300715935
2018-03-01,9.69495594468446,8.729909122470797,9.203510020026707,11.242661463125039,10.17358517963996,9.111779621292648,8.372654851439908,9.634165525726582,10.5359302088732
2018-04-01,10.2705468789727,9.91409594340718,10.339777294954523,11.533467240407571,10.897658267399423,8.954802860037816,9.282535249203477,10.009754249649921,11.664406526298993
2018-05-01,13.120863218377496,13.035696531656052,11.968651995028505,13.562706529003409,12.455090772353516,11.226967129998572,11.678283545617852,11.540881151754244,13.897750551873715
2018-06-01,14.773918506746714,13.863718533482693,13.859909664844553,15.233237912482126,14.145886614788699,12.67622962782109,13.66948012288379,13.41506942405267,15.499476985447664
2018-07-01,16.22159685021969,16.970990188896163,15.288175366827895,16.471823554850435,14.534994312530605,14.654227834301262,15.202740278531563,15.374414546730778,15.020154351191461
2018-08-01,16.585036843625105,16.243575461621173,15.468566497089624,17.110431693514727,15.25213881687601,16.208569104003868,15.645099299516994,16.23647421777093,15.90130949905078
2018-09-01,16.069010257298352,15.898260729314703,15.977847615546944,16.81871583910434,15.701515036755572,14.254385526379053,15.290673702164133,15.210788954847677,15.961757030358827
2018-10-01,14.245838071009667,13.100146594362451,15.16128272763186,14.078145737046142,13.797455689380865,12.99573714265919,14.62847097488694,14.952520395430673,13.689976012702829
2018-11-01,11.515705730601013,12.077810024473653,11.5506091366793,12.314514609320398,10.662688643575372,10.940189619920464,11.455532646644384,13.131102017841275,11.863472172758776
2018-12-01,10.897689165244177,11.031445465143847,10.047525923157812,11.389207873028411,10.23705585440255,9.175822530436418,10.136845548458659,11.283444317123474,9.981324996726956
2019-01-01,9.811778714093057,9.60772651728032,9.476207740680168,10.265571061310157,9.95011524084454,8.102995974707195,9.559166783487099,9.971940134079954,9.011155964646575
2019-02-01,9.27892162299132,7.942611898196766,9.394984478155138,9.959420514933436,9.526794311919566,7.451265256139496,9.856417780502527,9.452435913957242,9.514149781730943
2019-03-01,9.548377490222878,7.397424281636965,9.930593769858248,9.780024137018113,9.493436793693423,7.077004527614743,11.229494816543095,8.939009918193488,9.640309880495543
2019-04-01,10.504305494206433,8.57040746284087,10.358994805537453,10.486155548041037,9.784065011495349,8.075434556141335,10.931993168792234,9.45705163272847,9.479838824182517
2019-05-01,13.928212616782384,10.519224136455145,11.190691929776404,12.779924487547815,11.623823627853836,10.875077457601517,13.954909642135869,11.939863663464468,11.135936431499928
2019-06-01,14.823937146966731,12.128723706434615,12.912036341688152,14.988581404069086,14.406462155736172,13.39211992126325,15.457710937026615,14.073843371737278,14.529018190008888
2019-07-01,16.005543192112427,13.976391295657947,14.597538665825743,16.581346447835088,15.92303023416634,15.681001571803069,16.689379243704234,14.990906490944338,15.77447125182934
2019-08-01,15.814855052017384,14.298991053003135,15.283754768402767,16.850579178781974,15.623746848589716,15.86347345450424,16.039185061576074,15.763853195364605,16.445864569325742
2019-09-01,16.267148692443275,14.453962133867915,16.077659498975382,15.729957074368956,15.23812648146026,15.23995080211996,16.696396201133986,15.629166318996973,16.29923784548644
2019-10-01,13.733606319267855,14.965124063234668,14.536360925064573,13.651259910768152,13.731988744419567,14.356196135153091,14.067303487938814,14.525783946850078,14.510029613556338
2019-11-01,12.910732950593786,13.502904061372464,12.050964171829506,11.89806347072476,12.70762581416157,13.132209394817044,10.708140993993087,12.6790530573387,11.71929323373496
2019-12-01,12.394705661197335,12.265879464985074,10.958809725103887,11.539021563105633,11.10604853018218,12.149653772039152,9.044286973438194,11.919168604573764,10.828915934454603
2020-01-01,11.227494031324,11.793777732985955,10.528530791571693,11.275332619489625,10.845093777916366,11.571070659160585,8.500210232905527,10.77610633712342,9.826464150326032
2020-02-01,11.272754665245438,10.612150280501847,9.868024540201404,11.12948510918674,10.22932075062845,10.250586614995882,8.702597303737228,10.784645558674068,9.405909658689191
2020-03-01,10.825023641101732,10.254116470234306,9.521337364398882,11.65456099457427,10.116607017848708,9.273327949957043,9.109452468764406,8.537385130116238,9.54431242566079
2020-04-01,10.349594024764814,11.196156811889171,9.915543269305696,12.287631772752185,11.15562469536665,9.78988910479342,10.475454884652242,8.873511008372379,10.149794910798775
2020-05-01,12.175652175716165,12.290088548634314,11.187585904854322,14.014853995652388,12.975855773233945,12.215839873592756,12.921416476748915,10.624669121044043,12.376401627127352
2020-06-01,14.475554854626605,14.792583017820196,13.459746256133108,15.37585089491323,14.758123911430461,14.963079166718526,13.33878873226638,12.635823650140335,14.271106411720195
2020-07-01,15.729386946240293,15.890529439823904,15.008419984369546,16.542619680172137,16.409948455187518,15.75584498182829,15.874678036912213,14.651267716416246,16.174732083426687
2020-08-01,16.464553650665483,15.95674020155544,15.402450219894945,16.426628162556838,17.111664335885372,15.72042817417845,16.471239075157648,16.075628579657845,17.16339429457992
2020-09-01,17.244783557708107,15.23905278519548,15.440296326498625,16.322934903251134,15.98863603270597,14.851921872267836,14.606678911694742,15.323039091837206,15.740512208438162
2020-10-01,14.715641289006786,14.95334554869822,14.090183269301667,15.200196930813876,13.429444083060712,15.088549704674802,12.565728836831086,13.761768132691374,14.147385484830382
2020-11-01,12.275250651540725,12.260926083859182,11.8679742701818,11.977930581292664,10.719120244545145,12.083786330928545,11.902140896750375,12.29672390849101,12.404452367029439
2020-12-01,11.369337303170962,9.085837699575528,10.395138271133494,11.274819241042929,9.231390869872,10.986084175514113,10.513887530021444,10.183463466534732,10.020537520142502
